movieid,actorid,rank
tt2527336,/name/nm5397459?ref_=tt_ov_st_sm,1
tt2527336,/name/nm3915784?ref_=tt_ov_st_sm,2
tt2527336,/name/nm0000434?ref_=tt_ov_st_sm,3
tt2771200,/name/nm0914612?ref_=tt_ov_st_sm,1
tt2771200,/name/nm1405398?ref_=tt_ov_st_sm,2
tt2771200,/name/nm1812656?ref_=tt_ov_st_sm,3
tt0451279,/name/nm2933757?ref_=tt_ov_st_sm,1
tt0451279,/name/nm1517976?ref_=tt_ov_st_sm,2
tt0451279,/name/nm0000705?ref_=tt_ov_st_sm,3
tt3896198,/name/nm0695435?ref_=tt_ov_st_sm,1
tt3896198,/name/nm0757855?ref_=tt_ov_st_sm,2
tt3896198,/name/nm1176985?ref_=tt_ov_st_sm,3
tt2283362,/name/nm0425005?ref_=tt_ov_st_sm,1
tt2283362,/name/nm2394794?ref_=tt_ov_st_sm,2
tt2283362,/name/nm0366389?ref_=tt_ov_st_sm,3
tt2250912,/name/nm4043618?ref_=tt_ov_st_sm,1
tt2250912,/name/nm0000474?ref_=tt_ov_st_sm,2
tt2250912,/name/nm0000375?ref_=tt_ov_st_sm,3
tt1396484,/name/nm0803889?ref_=tt_ov_st_sm,1
tt1396484,/name/nm5897057?ref_=tt_ov_st_sm,2
tt1396484,/name/nm6016511?ref_=tt_ov_st_sm,3
tt3501632,/name/nm1165110?ref_=tt_ov_st_sm,1
tt3501632,/name/nm1089991?ref_=tt_ov_st_sm,2
tt3501632,/name/nm0000949?ref_=tt_ov_st_sm,3
tt3469046,/name/nm0136797?ref_=tt_ov_st_sm,1
tt3469046,/name/nm1325419?ref_=tt_ov_st_sm,2
tt3469046,/name/nm0005295?ref_=tt_ov_st_sm,3
tt0974015,/name/nm0000255?ref_=tt_ov_st_sm,1
tt0974015,/name/nm2933757?ref_=tt_ov_st_sm,2
tt0974015,/name/nm0597388?ref_=tt_ov_st_sm,3
tt3315342,/name/nm0413168?ref_=tt_ov_st_sm,1
tt3315342,/name/nm0001772?ref_=tt_ov_st_sm,2
tt3315342,/name/nm6748436?ref_=tt_ov_st_sm,3
tt4630562,/name/nm0004874?ref_=tt_ov_st_sm,1
tt4630562,/name/nm0005458?ref_=tt_ov_st_sm,2
tt4630562,/name/nm0425005?ref_=tt_ov_st_sm,3
tt2380307,/name/nm5645519?ref_=tt_ov_st_sm,1
tt2380307,/name/nm0305558?ref_=tt_ov_st_sm,2
tt2380307,/name/nm0000973?ref_=tt_ov_st_sm,3
tt5013056,/name/nm7887725?ref_=tt_ov_st_sm,1
tt5013056,/name/nm4422686?ref_=tt_ov_st_sm,2
tt5013056,/name/nm0753314?ref_=tt_ov_st_sm,3
tt5052448,/name/nm2257207?ref_=tt_ov_st_sm,1
tt5052448,/name/nm4129745?ref_=tt_ov_st_sm,2
tt5052448,/name/nm0925966?ref_=tt_ov_st_sm,3
tt4116284,/name/nm0004715?ref_=tt_ov_st_sm,1
tt4116284,/name/nm0148418?ref_=tt_ov_st_sm,2
tt4116284,/name/nm0206257?ref_=tt_ov_st_sm,3
tt3874544,/name/nm0000285?ref_=tt_ov_st_sm,1
tt3874544,/name/nm0000114?ref_=tt_ov_st_sm,2
tt3874544,/name/nm0453994?ref_=tt_ov_st_sm,3
tt3731562,/name/nm1089991?ref_=tt_ov_st_sm,1
tt3731562,/name/nm0000168?ref_=tt_ov_st_sm,2
tt3731562,/name/nm0488953?ref_=tt_ov_st_sm,3
tt1485796,/name/nm0413168?ref_=tt_ov_st_sm,1
tt1485796,/name/nm0931329?ref_=tt_ov_st_sm,2
tt1485796,/name/nm1374980?ref_=tt_ov_st_sm,3
tt3606752,/name/nm0005562?ref_=tt_ov_st_sm,1
tt3606752,/name/nm2242399?ref_=tt_ov_st_sm,2
tt3606752,/name/nm0177933?ref_=tt_ov_st_sm,3
tt2543472,/name/nm5016878?ref_=tt_ov_st_sm,1
tt2543472,/name/nm0005562?ref_=tt_ov_st_sm,2
tt2543472,/name/nm4207679?ref_=tt_ov_st_sm,3
tt3371366,/name/nm0000242?ref_=tt_ov_st_sm,1
tt3371366,/name/nm0000164?ref_=tt_ov_st_sm,2
tt3371366,/name/nm0241049?ref_=tt_ov_st_sm,3
tt4465564,/name/nm0424848?ref_=tt_ov_st_sm,1
tt4465564,/name/nm1946193?ref_=tt_ov_st_sm,2
tt4465564,/name/nm0425053?ref_=tt_ov_st_sm,3
tt3890160,/name/nm5052065?ref_=tt_ov_st_sm,1
tt3890160,/name/nm1256532?ref_=tt_ov_st_sm,2
tt3890160,/name/nm0358316?ref_=tt_ov_st_sm,3
tt4765284,/name/nm0447695?ref_=tt_ov_st_sm,1
tt4765284,/name/nm2313103?ref_=tt_ov_st_sm,2
tt4765284,/name/nm0811242?ref_=tt_ov_st_sm,3
tt3402236,/name/nm0000110?ref_=tt_ov_st_sm,1
tt3402236,/name/nm0004851?ref_=tt_ov_st_sm,2
tt3402236,/name/nm0000353?ref_=tt_ov_st_sm,3
tt5140878,/name/nm0001439?ref_=tt_ov_st_sm,1
tt5140878,/name/nm5343317?ref_=tt_ov_st_sm,2
tt5140878,/name/nm0001584?ref_=tt_ov_st_sm,3
tt4649466,/name/nm5473782?ref_=tt_ov_st_sm,1
tt4649466,/name/nm0000147?ref_=tt_ov_st_sm,2
tt4649466,/name/nm0835016?ref_=tt_ov_st_sm,3
tt1856101,/name/nm0000148?ref_=tt_ov_st_sm,1
tt1856101,/name/nm0331516?ref_=tt_ov_st_sm,2
tt1856101,/name/nm1869101?ref_=tt_ov_st_sm,3
tt4425200,/name/nm0000206?ref_=tt_ov_st_sm,1
tt4425200,/name/nm1249052?ref_=tt_ov_st_sm,2
tt4425200,/name/nm0574534?ref_=tt_ov_st_sm,3
tt4877122,/name/nm2554352?ref_=tt_ov_st_sm,1
tt4877122,/name/nm0179479?ref_=tt_ov_st_sm,2
tt4877122,/name/nm0267506?ref_=tt_ov_st_sm,3
tt3411444,/name/nm1078479?ref_=tt_ov_st_sm,1
tt3411444,/name/nm0571952?ref_=tt_ov_st_sm,2
tt3411444,/name/nm0134072?ref_=tt_ov_st_sm,3
tt6294822,/name/nm0000658?ref_=tt_ov_st_sm,1
tt6294822,/name/nm0000158?ref_=tt_ov_st_sm,2
tt6294822,/name/nm0005299?ref_=tt_ov_st_sm,3
tt2316204,/name/nm1055413?ref_=tt_ov_st_sm,1
tt2316204,/name/nm2239702?ref_=tt_ov_st_sm,2
tt2316204,/name/nm0001082?ref_=tt_ov_st_sm,3
tt2091256,/name/nm0366389?ref_=tt_ov_st_sm,1
tt2091256,/name/nm3042755?ref_=tt_ov_st_sm,2
tt2091256,/name/nm1159180?ref_=tt_ov_st_sm,3
tt6359956,/name/nm0005109?ref_=tt_ov_st_sm,1
tt6359956,/name/nm0068338?ref_=tt_ov_st_sm,2
tt6359956,/name/nm1063517?ref_=tt_ov_st_sm,3
tt3014284,/name/nm0000329?ref_=tt_ov_st_sm,1
tt3014284,/name/nm2002649?ref_=tt_ov_st_sm,2
tt3014284,/name/nm0035488?ref_=tt_ov_st_sm,3
tt1469304,/name/nm0425005?ref_=tt_ov_st_sm,1
tt1469304,/name/nm1374980?ref_=tt_ov_st_sm,2
tt1469304,/name/nm1275259?ref_=tt_ov_st_sm,3
tt2872518,/name/nm0941777?ref_=tt_ov_st_sm,1
tt2872518,/name/nm0818055?ref_=tt_ov_st_sm,2
tt2872518,/name/nm0005210?ref_=tt_ov_st_sm,3
tt5580390,/name/nm1020089?ref_=tt_ov_st_sm,1
tt5580390,/name/nm0818055?ref_=tt_ov_st_sm,2
tt5580390,/name/nm0788335?ref_=tt_ov_st_sm,3
tt4555426,/name/nm0000198?ref_=tt_ov_st_sm,1
tt4555426,/name/nm4141252?ref_=tt_ov_st_sm,2
tt4555426,/name/nm0000218?ref_=tt_ov_st_sm,3
tt4555426,/name/nm0000198?ref_=tt_ov_st_sm,1
tt4555426,/name/nm4141252?ref_=tt_ov_st_sm,2
tt4555426,/name/nm0000218?ref_=tt_ov_st_sm,3
tt2406566,/name/nm0000234?ref_=tt_ov_st_sm,1
tt2406566,/name/nm0564215?ref_=tt_ov_st_sm,2
tt2406566,/name/nm0000422?ref_=tt_ov_st_sm,3
tt3532216,/name/nm0000129?ref_=tt_ov_st_sm,1
tt3532216,/name/nm1727304?ref_=tt_ov_st_sm,2
tt3532216,/name/nm0942792?ref_=tt_ov_st_sm,3
tt1648190,/name/nm0252961?ref_=tt_ov_st_sm,1
tt1648190,/name/nm0000190?ref_=tt_ov_st_sm,2
tt1648190,/name/nm6999211?ref_=tt_ov_st_sm,3
tt5027774,/name/nm0000531?ref_=tt_ov_st_sm,1
tt5027774,/name/nm0000437?ref_=tt_ov_st_sm,2
tt5027774,/name/nm0005377?ref_=tt_ov_st_sm,3
tt4925292,/name/nm1519680?ref_=tt_ov_st_sm,1
tt4925292,/name/nm0582418?ref_=tt_ov_st_sm,2
tt4925292,/name/nm0504832?ref_=tt_ov_st_sm,3
tt2334871,/name/nm2154960?ref_=tt_ov_st_sm,1
tt2334871,/name/nm0000443?ref_=tt_ov_st_sm,2
tt2334871,/name/nm5671708?ref_=tt_ov_st_sm,3
tt2398241,/name/nm1416215?ref_=tt_ov_st_sm,1
tt2398241,/name/nm0933988?ref_=tt_ov_st_sm,2
tt2398241,/name/nm0542133?ref_=tt_ov_st_sm,3
tt2568862,/name/nm0000323?ref_=tt_ov_st_sm,1
tt2568862,/name/nm2109158?ref_=tt_ov_st_sm,2
tt2568862,/name/nm0656929?ref_=tt_ov_st_sm,3
tt1666185,/name/nm7447307?ref_=tt_ov_st_sm,1
tt1666185,/name/nm1775091?ref_=tt_ov_st_sm,2
tt1666185,/name/nm0334159?ref_=tt_ov_st_sm,3
tt2932536,/name/nm0601553?ref_=tt_ov_st_sm,1
tt2932536,/name/nm2322853?ref_=tt_ov_st_sm,2
tt2932536,/name/nm0000546?ref_=tt_ov_st_sm,3
tt5462602,/name/nm3529685?ref_=tt_ov_st_sm,1
tt5462602,/name/nm1443740?ref_=tt_ov_st_sm,2
tt5462602,/name/nm0000456?ref_=tt_ov_st_sm,3
tt4587656,/name/nm3081796?ref_=tt_ov_st_sm,1
tt4587656,/name/nm1221047?ref_=tt_ov_st_sm,2
tt4587656,/name/nm5262775?ref_=tt_ov_st_sm,3
tt1219827,/name/nm0424060?ref_=tt_ov_st_sm,1
tt1219827,/name/nm1561982?ref_=tt_ov_st_sm,2
tt1219827,/name/nm0001429?ref_=tt_ov_st_sm,3
tt2239822,/name/nm2851530?ref_=tt_ov_st_sm,1
tt2239822,/name/nm5353321?ref_=tt_ov_st_sm,2
tt2239822,/name/nm0654110?ref_=tt_ov_st_sm,3
tt4468740,/name/nm0924210?ref_=tt_ov_st_sm,1
tt4468740,/name/nm0000424?ref_=tt_ov_st_sm,2
tt4468740,/name/nm0095017?ref_=tt_ov_st_sm,3
tt1972591,/name/nm0402271?ref_=tt_ov_st_sm,1
tt1972591,/name/nm2793591?ref_=tt_ov_st_sm,2
tt1972591,/name/nm0000179?ref_=tt_ov_st_sm,3
tt3348730,/name/nm1432956?ref_=tt_ov_st_sm,1
tt3348730,/name/nm0068551?ref_=tt_ov_st_sm,2
tt3348730,/name/nm0719678?ref_=tt_ov_st_sm,3
tt1961175,/name/nm3729721?ref_=tt_ov_st_sm,1
tt1961175,/name/nm0000474?ref_=tt_ov_st_sm,2
tt1961175,/name/nm0005125?ref_=tt_ov_st_sm,3
tt1615160,/name/nm1648520?ref_=tt_ov_st_sm,1
tt1615160,/name/nm0000329?ref_=tt_ov_st_sm,2
tt1615160,/name/nm1257480?ref_=tt_ov_st_sm,3
tt5001718,/name/nm3964350?ref_=tt_ov_st_sm,1
tt5001718,/name/nm3538718?ref_=tt_ov_st_sm,2
tt5001718,/name/nm0741242?ref_=tt_ov_st_sm,3
tt5362988,/name/nm2080328?ref_=tt_ov_st_sm,1
tt5362988,/name/nm0719637?ref_=tt_ov_st_sm,2
tt5362988,/name/nm1247407?ref_=tt_ov_st_sm,3
tt1981128,/name/nm0124930?ref_=tt_ov_st_sm,1
tt1981128,/name/nm0836343?ref_=tt_ov_st_sm,2
tt1981128,/name/nm0180411?ref_=tt_ov_st_sm,3
tt3401882,/name/nm0001084?ref_=tt_ov_st_sm,1
tt3401882,/name/nm0206359?ref_=tt_ov_st_sm,2
tt3401882,/name/nm0605079?ref_=tt_ov_st_sm,3
tt4795124,/name/nm0220240?ref_=tt_ov_st_sm,1
tt4795124,/name/nm0000161?ref_=tt_ov_st_sm,2
tt4795124,/name/nm6004682?ref_=tt_ov_st_sm,3
tt1458169,/name/nm0000932?ref_=tt_ov_st_sm,1
tt1458169,/name/nm6179030?ref_=tt_ov_st_sm,2
tt1458169,/name/nm0569341?ref_=tt_ov_st_sm,3
tt2226597,/name/nm0252961?ref_=tt_ov_st_sm,1
tt2226597,/name/nm0000701?ref_=tt_ov_st_sm,2
tt2226597,/name/nm0000977?ref_=tt_ov_st_sm,3
tt5442430,/name/nm0350453?ref_=tt_ov_st_sm,1
tt5442430,/name/nm0272581?ref_=tt_ov_st_sm,2
tt5442430,/name/nm0005351?ref_=tt_ov_st_sm,3
tt5478478,/name/nm0791864?ref_=tt_ov_st_sm,1
tt5478478,/name/nm0683253?ref_=tt_ov_st_sm,2
tt5478478,/name/nm4768271?ref_=tt_ov_st_sm,3
tt3486626,/name/nm0004715?ref_=tt_ov_st_sm,1
tt3486626,/name/nm0748973?ref_=tt_ov_st_sm,2
tt3486626,/name/nm0134072?ref_=tt_ov_st_sm,3
tt5439796,/name/nm1475594?ref_=tt_ov_st_sm,1
tt5439796,/name/nm3485845?ref_=tt_ov_st_sm,2
tt5439796,/name/nm0185819?ref_=tt_ov_st_sm,3
tt5580036,/name/nm3053338?ref_=tt_ov_st_sm,1
tt5580036,/name/nm1659221?ref_=tt_ov_st_sm,2
tt5580036,/name/nm0005049?ref_=tt_ov_st_sm,3
tt5719700,/name/nm0000702?ref_=tt_ov_st_sm,1
tt5719700,/name/nm0790688?ref_=tt_ov_st_sm,2
tt5719700,/name/nm0000298?ref_=tt_ov_st_sm,3
tt4481514,/name/nm0002071?ref_=tt_ov_st_sm,1
tt4481514,/name/nm0688132?ref_=tt_ov_st_sm,2
tt4481514,/name/nm1364532?ref_=tt_ov_st_sm,3
tt5294550,/name/nm0931329?ref_=tt_ov_st_sm,1
tt5294550,/name/nm0001626?ref_=tt_ov_st_sm,2
tt5294550,/name/nm0000242?ref_=tt_ov_st_sm,3
tt1389072,/name/nm0000354?ref_=tt_ov_st_sm,1
tt1389072,/name/nm0910607?ref_=tt_ov_st_sm,2
tt1389072,/name/nm2186865?ref_=tt_ov_st_sm,3
tt4799050,/name/nm0424060?ref_=tt_ov_st_sm,1
tt4799050,/name/nm0571952?ref_=tt_ov_st_sm,2
tt4799050,/name/nm2368789?ref_=tt_ov_st_sm,3
tt4131800,/name/nm1289434?ref_=tt_ov_st_sm,1
tt4131800,/name/nm0155693?ref_=tt_ov_st_sm,2
tt4131800,/name/nm0000630?ref_=tt_ov_st_sm,3
tt3521126,/name/nm0290556?ref_=tt_ov_st_sm,1
tt3521126,/name/nm2002649?ref_=tt_ov_st_sm,2
tt3521126,/name/nm0310966?ref_=tt_ov_st_sm,3
tt2072233,/name/nm0004937?ref_=tt_ov_st_sm,1
tt2072233,/name/nm1157358?ref_=tt_ov_st_sm,2
tt2072233,/name/nm0000551?ref_=tt_ov_st_sm,3
tt6003368,/name/nm6099602?ref_=tt_ov_st_sm,1
tt6003368,/name/nm0000224?ref_=tt_ov_st_sm,2
tt6003368,/name/nm0779866?ref_=tt_ov_st_sm,3
tt0493405,/name/nm0671567?ref_=tt_ov_st_sm,1
tt0493405,/name/nm1009277?ref_=tt_ov_st_sm,2
tt0493405,/name/nm0000352?ref_=tt_ov_st_sm,3
tt3748528,/name/nm0428065?ref_=tt_ov_st_sm,1
tt3748528,/name/nm0526019?ref_=tt_ov_st_sm,2
tt3748528,/name/nm0876138?ref_=tt_ov_st_sm,3
tt2277860,/name/nm0001122?ref_=tt_ov_st_sm,1
tt2277860,/name/nm0000983?ref_=tt_ov_st_sm,2
tt2277860,/name/nm0642145?ref_=tt_ov_st_sm,3
tt3498820,/name/nm0262635?ref_=tt_ov_st_sm,1
tt3498820,/name/nm0000375?ref_=tt_ov_st_sm,2
tt3498820,/name/nm0424060?ref_=tt_ov_st_sm,3
tt2709768,/name/nm0127373?ref_=tt_ov_st_sm,1
tt2709768,/name/nm0832314?ref_=tt_ov_st_sm,2
tt2709768,/name/nm0366389?ref_=tt_ov_st_sm,3
tt1431045,/name/nm0005351?ref_=tt_ov_st_sm,1
tt1431045,/name/nm1072555?ref_=tt_ov_st_sm,2
tt1431045,/name/nm2554352?ref_=tt_ov_st_sm,3
tt2948356,/name/nm0329481?ref_=tt_ov_st_sm,1
tt2948356,/name/nm0000867?ref_=tt_ov_st_sm,2
tt2948356,/name/nm0252961?ref_=tt_ov_st_sm,3
tt2975590,/name/nm0000255?ref_=tt_ov_st_sm,1
tt2975590,/name/nm0147147?ref_=tt_ov_st_sm,2
tt2975590,/name/nm0010736?ref_=tt_ov_st_sm,3
tt1386697,/name/nm0000226?ref_=tt_ov_st_sm,1
tt1386697,/name/nm0001467?ref_=tt_ov_st_sm,2
tt1386697,/name/nm3053338?ref_=tt_ov_st_sm,3
tt3470600,/name/nm0000190?ref_=tt_ov_st_sm,1
tt3470600,/name/nm0000702?ref_=tt_ov_st_sm,2
tt3470600,/name/nm0532235?ref_=tt_ov_st_sm,3
tt3521164,/name/nm7635388?ref_=tt_ov_st_sm,1
tt3521164,/name/nm0425005?ref_=tt_ov_st_sm,2
tt3521164,/name/nm1344302?ref_=tt_ov_st_sm,3
tt3183660,/name/nm1519666?ref_=tt_ov_st_sm,1
tt3183660,/name/nm2239702?ref_=tt_ov_st_sm,2
tt3183660,/name/nm0837223?ref_=tt_ov_st_sm,3
tt1211837,/name/nm1212722?ref_=tt_ov_st_sm,1
tt1211837,/name/nm0252230?ref_=tt_ov_st_sm,2
tt1211837,/name/nm1046097?ref_=tt_ov_st_sm,3
tt4846340,/name/nm0378245?ref_=tt_ov_st_sm,1
tt4846340,/name/nm0818055?ref_=tt_ov_st_sm,2
tt4846340,/name/nm1847117?ref_=tt_ov_st_sm,3
tt4196776,/name/nm0000354?ref_=tt_ov_st_sm,1
tt4196776,/name/nm0000169?ref_=tt_ov_st_sm,2
tt4196776,/name/nm2539953?ref_=tt_ov_st_sm,3
tt2660888,/name/nm1517976?ref_=tt_ov_st_sm,1
tt2660888,/name/nm0704270?ref_=tt_ov_st_sm,2
tt2660888,/name/nm0881631?ref_=tt_ov_st_sm,3
tt1679335,/name/nm0447695?ref_=tt_ov_st_sm,1
tt1679335,/name/nm0005493?ref_=tt_ov_st_sm,2
tt1679335,/name/nm0221046?ref_=tt_ov_st_sm,3
tt3783958,/name/nm0331516?ref_=tt_ov_st_sm,1
tt3783958,/name/nm1297015?ref_=tt_ov_st_sm,2
tt3783958,/name/nm1679669?ref_=tt_ov_st_sm,3
tt2267968,/name/nm0085312?ref_=tt_ov_st_sm,1
tt2267968,/name/nm0186505?ref_=tt_ov_st_sm,2
tt2267968,/name/nm0000163?ref_=tt_ov_st_sm,3
tt4972582,/name/nm0564215?ref_=tt_ov_st_sm,1
tt4972582,/name/nm5896355?ref_=tt_ov_st_sm,2
tt4972582,/name/nm4726634?ref_=tt_ov_st_sm,3
tt1289401,/name/nm0565250?ref_=tt_ov_st_sm,1
tt1289401,/name/nm1325419?ref_=tt_ov_st_sm,2
tt1289401,/name/nm0571952?ref_=tt_ov_st_sm,3
tt1489889,/name/nm0425005?ref_=tt_ov_st_sm,1
tt1489889,/name/nm0366389?ref_=tt_ov_st_sm,2
tt1489889,/name/nm0630379?ref_=tt_ov_st_sm,3
tt0918940,/name/nm0002907?ref_=tt_ov_st_sm,1
tt0918940,/name/nm4920741?ref_=tt_ov_st_sm,2
tt0918940,/name/nm7222287?ref_=tt_ov_st_sm,3
tt4651520,/name/nm0005109?ref_=tt_ov_st_sm,1
tt4651520,/name/nm1063517?ref_=tt_ov_st_sm,2
tt4651520,/name/nm0068338?ref_=tt_ov_st_sm,3
tt1985949,/name/nm0837177?ref_=tt_ov_st_sm,1
tt1985949,/name/nm1265802?ref_=tt_ov_st_sm,2
tt1985949,/name/nm1144419?ref_=tt_ov_st_sm,3
tt1628841,/name/nm2955013?ref_=tt_ov_st_sm,1
tt1628841,/name/nm0000156?ref_=tt_ov_st_sm,2
tt1628841,/name/nm0000597?ref_=tt_ov_st_sm,3
tt3065204,/name/nm0267812?ref_=tt_ov_st_sm,1
tt3065204,/name/nm0933940?ref_=tt_ov_st_sm,2
tt3065204,/name/nm4068901?ref_=tt_ov_st_sm,3
tt2543164,/name/nm0010736?ref_=tt_ov_st_sm,1
tt2543164,/name/nm0719637?ref_=tt_ov_st_sm,2
tt2543164,/name/nm0001845?ref_=tt_ov_st_sm,3
tt1355644,/name/nm2225369?ref_=tt_ov_st_sm,1
tt1355644,/name/nm0695435?ref_=tt_ov_st_sm,2
tt1355644,/name/nm0790688?ref_=tt_ov_st_sm,3
tt1700841,/name/nm0736622?ref_=tt_ov_st_sm,1
tt1700841,/name/nm1325419?ref_=tt_ov_st_sm,2
tt1700841,/name/nm1706767?ref_=tt_ov_st_sm,3
tt2869728,/name/nm0001084?ref_=tt_ov_st_sm,1
tt2869728,/name/nm0366389?ref_=tt_ov_st_sm,2
tt2869728,/name/nm1754366?ref_=tt_ov_st_sm,3
tt2140479,/name/nm0000255?ref_=tt_ov_st_sm,1
tt2140479,/name/nm0447695?ref_=tt_ov_st_sm,2
tt2140479,/name/nm0799777?ref_=tt_ov_st_sm,3
tt3949660,/name/nm1083271?ref_=tt_ov_st_sm,1
tt3949660,/name/nm0004715?ref_=tt_ov_st_sm,2
tt3949660,/name/nm1347153?ref_=tt_ov_st_sm,3
tt4094724,/name/nm0342029?ref_=tt_ov_st_sm,1
tt4094724,/name/nm0593310?ref_=tt_ov_st_sm,2
tt4094724,/name/nm0932112?ref_=tt_ov_st_sm,3
tt2567026,/name/nm1985859?ref_=tt_ov_st_sm,1
tt2567026,/name/nm0000136?ref_=tt_ov_st_sm,2
tt2567026,/name/nm0000307?ref_=tt_ov_st_sm,3
tt3631112,/name/nm1289434?ref_=tt_ov_st_sm,1
tt3631112,/name/nm2247245?ref_=tt_ov_st_sm,2
tt3631112,/name/nm0272581?ref_=tt_ov_st_sm,3
tt4624424,/name/nm1676221?ref_=tt_ov_st_sm,1
tt4624424,/name/nm1764070?ref_=tt_ov_st_sm,2
tt4624424,/name/nm0001288?ref_=tt_ov_st_sm,3
tt3410834,/name/nm0940362?ref_=tt_ov_st_sm,1
tt3410834,/name/nm3772243?ref_=tt_ov_st_sm,2
tt3410834,/name/nm0001099?ref_=tt_ov_st_sm,3
tt3110958,/name/nm0251986?ref_=tt_ov_st_sm,1
tt3110958,/name/nm0749263?ref_=tt_ov_st_sm,2
tt3110958,/name/nm0000437?ref_=tt_ov_st_sm,3
tt3416828,/name/nm0005380?ref_=tt_ov_st_sm,1
tt3416828,/name/nm0001459?ref_=tt_ov_st_sm,2
tt3416828,/name/nm0000491?ref_=tt_ov_st_sm,3
tt2702724,/name/nm0565250?ref_=tt_ov_st_sm,1
tt2702724,/name/nm0068338?ref_=tt_ov_st_sm,2
tt2702724,/name/nm0227759?ref_=tt_ov_st_sm,3
tt3300542,/name/nm0124930?ref_=tt_ov_st_sm,1
tt3300542,/name/nm0001173?ref_=tt_ov_st_sm,2
tt3300542,/name/nm0000151?ref_=tt_ov_st_sm,3
tt4257926,/name/nm0004950?ref_=tt_ov_st_sm,1
tt4257926,/name/nm4814017?ref_=tt_ov_st_sm,2
tt4257926,/name/nm0376540?ref_=tt_ov_st_sm,3
tt1860357,/name/nm0000242?ref_=tt_ov_st_sm,1
tt1860357,/name/nm0000621?ref_=tt_ov_st_sm,2
tt1860357,/name/nm0341174?ref_=tt_ov_st_sm,3
tt4501244,/name/nm3614913?ref_=tt_ov_st_sm,1
tt4501244,/name/nm0290556?ref_=tt_ov_st_sm,2
tt4501244,/name/nm0024425?ref_=tt_ov_st_sm,3
tt3760922,/name/nm0889522?ref_=tt_ov_st_sm,1
tt3760922,/name/nm0179173?ref_=tt_ov_st_sm,2
tt3760922,/name/nm0176073?ref_=tt_ov_st_sm,3
tt3393786,/name/nm0000129?ref_=tt_ov_st_sm,1
tt3393786,/name/nm1130627?ref_=tt_ov_st_sm,2
tt3393786,/name/nm0388038?ref_=tt_ov_st_sm,3
tt2671706,/name/nm0000243?ref_=tt_ov_st_sm,1
tt2671706,/name/nm0205626?ref_=tt_ov_st_sm,2
tt2671706,/name/nm0376610?ref_=tt_ov_st_sm,3
tt2674426,/name/nm3592338?ref_=tt_ov_st_sm,1
tt2674426,/name/nm3510471?ref_=tt_ov_st_sm,2
tt2674426,/name/nm0005216?ref_=tt_ov_st_sm,3
tt3691740,/name/nm0753314?ref_=tt_ov_st_sm,1
tt3691740,/name/nm6982717?ref_=tt_ov_st_sm,2
tt3691740,/name/nm0934362?ref_=tt_ov_st_sm,3
tt4052882,/name/nm0515116?ref_=tt_ov_st_sm,1
tt4052882,/name/nm1049982?ref_=tt_ov_st_sm,2
tt4052882,/name/nm8427114?ref_=tt_ov_st_sm,3
tt1711525,/name/nm0000867?ref_=tt_ov_st_sm,1
tt1711525,/name/nm1601397?ref_=tt_ov_st_sm,2
tt1711525,/name/nm2554352?ref_=tt_ov_st_sm,3
tt3628584,/name/nm0001084?ref_=tt_ov_st_sm,1
tt3628584,/name/nm0356021?ref_=tt_ov_st_sm,2
tt3628584,/name/nm0026364?ref_=tt_ov_st_sm,3
tt4172430,/name/nm1024677?ref_=tt_ov_st_sm,1
tt4172430,/name/nm1032567?ref_=tt_ov_st_sm,2
tt4172430,/name/nm0197647?ref_=tt_ov_st_sm,3
tt3741834,/name/nm2353862?ref_=tt_ov_st_sm,1
tt3741834,/name/nm0000173?ref_=tt_ov_st_sm,2
tt3741834,/name/nm1913734?ref_=tt_ov_st_sm,3
tt4302938,/name/nm0000234?ref_=tt_ov_st_sm,1
tt4302938,/name/nm3280686?ref_=tt_ov_st_sm,2
tt4302938,/name/nm0000190?ref_=tt_ov_st_sm,3
tt4034228,/name/nm0000729?ref_=tt_ov_st_sm,1
tt4034228,/name/nm0931329?ref_=tt_ov_st_sm,2
tt4034228,/name/nm0151419?ref_=tt_ov_st_sm,3
tt0803096,/name/nm1379938?ref_=tt_ov_st_sm,1
tt0803096,/name/nm1745736?ref_=tt_ov_st_sm,2
tt0803096,/name/nm0004936?ref_=tt_ov_st_sm,3
tt1292566,/name/nm0424848?ref_=tt_ov_st_sm,1
tt1292566,/name/nm2313103?ref_=tt_ov_st_sm,2
tt1292566,/name/nm0005182?ref_=tt_ov_st_sm,3
tt2823054,/name/nm1374980?ref_=tt_ov_st_sm,1
tt2823054,/name/nm2796745?ref_=tt_ov_st_sm,2
tt2823054,/name/nm0447695?ref_=tt_ov_st_sm,3
tt2034800,/name/nm0000354?ref_=tt_ov_st_sm,1
tt2034800,/name/nm1320897?ref_=tt_ov_st_sm,2
tt2034800,/name/nm0000353?ref_=tt_ov_st_sm,3
tt2005151,/name/nm1706767?ref_=tt_ov_st_sm,1
tt2005151,/name/nm1886602?ref_=tt_ov_st_sm,2
tt2005151,/name/nm3111373?ref_=tt_ov_st_sm,3
tt4649416,/name/nm0253708?ref_=tt_ov_st_sm,1
tt4649416,/name/nm0004898?ref_=tt_ov_st_sm,2
tt4649416,/name/nm0000418?ref_=tt_ov_st_sm,3
tt2241351,/name/nm0000123?ref_=tt_ov_st_sm,1
tt2241351,/name/nm0000210?ref_=tt_ov_st_sm,2
tt2241351,/name/nm1925239?ref_=tt_ov_st_sm,3
tt3640424,/name/nm0000093?ref_=tt_ov_st_sm,1
tt3640424,/name/nm0182839?ref_=tt_ov_st_sm,2
tt3640424,/name/nm0364813?ref_=tt_ov_st_sm,3
tt3231054,/name/nm0001212?ref_=tt_ov_st_sm,1
tt3231054,/name/nm0271657?ref_=tt_ov_st_sm,2
tt3231054,/name/nm0278752?ref_=tt_ov_st_sm,3
tt3799694,/name/nm0000128?ref_=tt_ov_st_sm,1
tt3799694,/name/nm0331516?ref_=tt_ov_st_sm,2
tt3799694,/name/nm3886028?ref_=tt_ov_st_sm,3
tt3882082,/name/nm1659348?ref_=tt_ov_st_sm,1
tt3882082,/name/nm1140344?ref_=tt_ov_st_sm,2
tt3882082,/name/nm3609439?ref_=tt_ov_st_sm,3
tt1860213,/name/nm0000134?ref_=tt_ov_st_sm,1
tt1860213,/name/nm1374980?ref_=tt_ov_st_sm,2
tt1860213,/name/nm3614913?ref_=tt_ov_st_sm,3
tt4361050,/name/nm0714147?ref_=tt_ov_st_sm,1
tt4361050,/name/nm5157662?ref_=tt_ov_st_sm,2
tt4361050,/name/nm2399383?ref_=tt_ov_st_sm,3
tt3095734,/name/nm1395771?ref_=tt_ov_st_sm,1
tt3095734,/name/nm3994408?ref_=tt_ov_st_sm,2
tt3095734,/name/nm0502073?ref_=tt_ov_st_sm,3
tt4572514,/name/nm0000242?ref_=tt_ov_st_sm,1
tt4572514,/name/nm1157358?ref_=tt_ov_st_sm,2
tt4572514,/name/nm0799777?ref_=tt_ov_st_sm,3
tt2404233,/name/nm4154798?ref_=tt_ov_st_sm,1
tt2404233,/name/nm0182666?ref_=tt_ov_st_sm,2
tt2404233,/name/nm0124930?ref_=tt_ov_st_sm,3
tt4682786,/name/nm0000226?ref_=tt_ov_st_sm,1
tt4682786,/name/nm0001570?ref_=tt_ov_st_sm,2
tt4682786,/name/nm0000701?ref_=tt_ov_st_sm,3
tt3717252,/name/nm0000295?ref_=tt_ov_st_sm,1
tt3717252,/name/nm3772243?ref_=tt_ov_st_sm,2
tt3717252,/name/nm0580014?ref_=tt_ov_st_sm,3
tt0475290,/name/nm0000982?ref_=tt_ov_st_sm,1
tt0475290,/name/nm0000123?ref_=tt_ov_st_sm,2
tt0475290,/name/nm2403277?ref_=tt_ov_st_sm,3
tt4975722,/name/nm0991810?ref_=tt_ov_st_sm,1
tt4975722,/name/nm0365140?ref_=tt_ov_st_sm,2
tt4975722,/name/nm5218990?ref_=tt_ov_st_sm,3
tt2025690,/name/nm1517976?ref_=tt_ov_st_sm,1
tt2025690,/name/nm0000729?ref_=tt_ov_st_sm,2
tt2025690,/name/nm0004936?ref_=tt_ov_st_sm,3
tt4136084,/name/nm0000658?ref_=tt_ov_st_sm,1
tt4136084,/name/nm0000424?ref_=tt_ov_st_sm,2
tt4136084,/name/nm0374865?ref_=tt_ov_st_sm,3
tt2582782,/name/nm1517976?ref_=tt_ov_st_sm,1
tt2582782,/name/nm0004936?ref_=tt_ov_st_sm,2
tt2582782,/name/nm0000313?ref_=tt_ov_st_sm,3
tt2592614,/name/nm0000170?ref_=tt_ov_st_sm,1
tt2592614,/name/nm0322513?ref_=tt_ov_st_sm,2
tt2592614,/name/nm0005123?ref_=tt_ov_st_sm,3
tt2488496,/name/nm5397459?ref_=tt_ov_st_sm,1
tt2488496,/name/nm3915784?ref_=tt_ov_st_sm,2
tt2488496,/name/nm1209966?ref_=tt_ov_st_sm,3
tt0369610,/name/nm0695435?ref_=tt_ov_st_sm,1
tt0369610,/name/nm0397171?ref_=tt_ov_st_sm,2
tt0369610,/name/nm1339223?ref_=tt_ov_st_sm,3
tt2096673,/name/nm0688132?ref_=tt_ov_st_sm,1
tt2096673,/name/nm0352778?ref_=tt_ov_st_sm,2
tt2096673,/name/nm0085400?ref_=tt_ov_st_sm,3
tt2293640,/name/nm0000113?ref_=tt_ov_st_sm,1
tt2293640,/name/nm0358316?ref_=tt_ov_st_sm,2
tt2293640,/name/nm0000474?ref_=tt_ov_st_sm,3
tt1951266,/name/nm2225369?ref_=tt_ov_st_sm,1
tt1951266,/name/nm1242688?ref_=tt_ov_st_sm,2
tt1951266,/name/nm2955013?ref_=tt_ov_st_sm,3
tt3659388,/name/nm0000354?ref_=tt_ov_st_sm,1
tt3659388,/name/nm1567113?ref_=tt_ov_st_sm,2
tt3659388,/name/nm1325419?ref_=tt_ov_st_sm,3
tt1661199,/name/nm4141252?ref_=tt_ov_st_sm,1
tt1661199,/name/nm0000949?ref_=tt_ov_st_sm,2
tt1661199,/name/nm0534635?ref_=tt_ov_st_sm,3
tt2381249,/name/nm0000129?ref_=tt_ov_st_sm,1
tt2381249,/name/nm0272581?ref_=tt_ov_st_sm,2
tt2381249,/name/nm0719637?ref_=tt_ov_st_sm,3
tt2848292,/name/nm0447695?ref_=tt_ov_st_sm,1
tt2848292,/name/nm2313103?ref_=tt_ov_st_sm,2
tt2848292,/name/nm2794962?ref_=tt_ov_st_sm,3
tt0478970,/name/nm0748620?ref_=tt_ov_st_sm,1
tt0478970,/name/nm0000140?ref_=tt_ov_st_sm,2
tt0478970,/name/nm1015684?ref_=tt_ov_st_sm,3
tt2224026,/name/nm1433588?ref_=tt_ov_st_sm,1
tt2224026,/name/nm1982597?ref_=tt_ov_st_sm,2
tt2224026,/name/nm0000188?ref_=tt_ov_st_sm,3
tt2510894,/name/nm0001191?ref_=tt_ov_st_sm,1
tt2510894,/name/nm1676221?ref_=tt_ov_st_sm,2
tt2510894,/name/nm1411125?ref_=tt_ov_st_sm,3
tt2322441,/name/nm0424848?ref_=tt_ov_st_sm,1
tt2322441,/name/nm1946193?ref_=tt_ov_st_sm,2
tt2322441,/name/nm0000383?ref_=tt_ov_st_sm,3
tt2279373,/name/nm0444786?ref_=tt_ov_st_sm,1
tt2279373,/name/nm0000104?ref_=tt_ov_st_sm,2
tt2279373,/name/nm0265067?ref_=tt_ov_st_sm,3
tt1398426,/name/nm6578009?ref_=tt_ov_st_sm,1
tt1398426,/name/nm3659660?ref_=tt_ov_st_sm,2
tt1398426,/name/nm4207146?ref_=tt_ov_st_sm,3
tt2126355,/name/nm0425005?ref_=tt_ov_st_sm,1
tt2126355,/name/nm0001303?ref_=tt_ov_st_sm,2
tt2126355,/name/nm1275259?ref_=tt_ov_st_sm,3
tt2452042,/name/nm6907855?ref_=tt_ov_st_sm,1
tt2452042,/name/nm0006837?ref_=tt_ov_st_sm,2
tt2452042,/name/nm5295511?ref_=tt_ov_st_sm,3
tt1979388,/name/nm0942482?ref_=tt_ov_st_sm,1
tt1979388,/name/nm0000531?ref_=tt_ov_st_sm,2
tt1979388,/name/nm5558187?ref_=tt_ov_st_sm,3
tt3079380,/name/nm0565250?ref_=tt_ov_st_sm,1
tt3079380,/name/nm0126284?ref_=tt_ov_st_sm,2
tt3079380,/name/nm0000179?ref_=tt_ov_st_sm,3
tt3152624,/name/nm2154960?ref_=tt_ov_st_sm,1
tt3152624,/name/nm0352778?ref_=tt_ov_st_sm,2
tt3152624,/name/nm0488953?ref_=tt_ov_st_sm,3
tt3076658,/name/nm0430107?ref_=tt_ov_st_sm,1
tt3076658,/name/nm0000230?ref_=tt_ov_st_sm,2
tt3076658,/name/nm1935086?ref_=tt_ov_st_sm,3
tt1964418,/name/nm0000123?ref_=tt_ov_st_sm,1
tt1964418,/name/nm1429380?ref_=tt_ov_st_sm,2
tt1964418,/name/nm0491402?ref_=tt_ov_st_sm,3
tt2561572,/name/nm0002071?ref_=tt_ov_st_sm,1
tt2561572,/name/nm0366389?ref_=tt_ov_st_sm,2
tt2561572,/name/nm1555340?ref_=tt_ov_st_sm,3
tt1850457,/name/nm0688132?ref_=tt_ov_st_sm,1
tt1850457,/name/nm0275486?ref_=tt_ov_st_sm,2
tt1850457,/name/nm0748973?ref_=tt_ov_st_sm,3
tt2974918,/name/nm0005134?ref_=tt_ov_st_sm,1
tt2974918,/name/nm0519043?ref_=tt_ov_st_sm,2
tt2974918,/name/nm1131557?ref_=tt_ov_st_sm,3
tt4046784,/name/nm3729721?ref_=tt_ov_st_sm,1
tt4046784,/name/nm2546012?ref_=tt_ov_st_sm,2
tt4046784,/name/nm1032473?ref_=tt_ov_st_sm,3
tt2637276,/name/nm0000242?ref_=tt_ov_st_sm,1
tt2637276,/name/nm0532235?ref_=tt_ov_st_sm,2
tt2637276,/name/nm1086543?ref_=tt_ov_st_sm,3
tt1051904,/name/nm0085312?ref_=tt_ov_st_sm,1
tt1051904,/name/nm1910255?ref_=tt_ov_st_sm,2
tt1051904,/name/nm3843467?ref_=tt_ov_st_sm,3
tt2120120,/name/nm0001191?ref_=tt_ov_st_sm,1
tt2120120,/name/nm0416673?ref_=tt_ov_st_sm,2
tt2120120,/name/nm1157358?ref_=tt_ov_st_sm,3
tt2361509,/name/nm0000134?ref_=tt_ov_st_sm,1
tt2361509,/name/nm0004266?ref_=tt_ov_st_sm,2
tt2361509,/name/nm0000623?ref_=tt_ov_st_sm,3
tt3682448,/name/nm0000158?ref_=tt_ov_st_sm,1
tt3682448,/name/nm0753314?ref_=tt_ov_st_sm,2
tt3682448,/name/nm0000257?ref_=tt_ov_st_sm,3
tt3450650,/name/nm0416673?ref_=tt_ov_st_sm,1
tt3450650,/name/nm2263115?ref_=tt_ov_st_sm,2
tt3450650,/name/nm0895150?ref_=tt_ov_st_sm,3
tt1596363,/name/nm0000288?ref_=tt_ov_st_sm,1
tt1596363,/name/nm0136797?ref_=tt_ov_st_sm,2
tt1596363,/name/nm0331516?ref_=tt_ov_st_sm,3
tt3832914,/name/nm2068185?ref_=tt_ov_st_sm,1
tt3832914,/name/nm3956954?ref_=tt_ov_st_sm,2
tt3832914,/name/nm1620433?ref_=tt_ov_st_sm,3
tt2268016,/name/nm1475594?ref_=tt_ov_st_sm,1
tt2268016,/name/nm0542133?ref_=tt_ov_st_sm,2
tt2268016,/name/nm0093589?ref_=tt_ov_st_sm,3
tt0884732,/name/nm0366389?ref_=tt_ov_st_sm,1
tt0884732,/name/nm1265802?ref_=tt_ov_st_sm,2
tt0884732,/name/nm0192505?ref_=tt_ov_st_sm,3
tt1355683,/name/nm0000136?ref_=tt_ov_st_sm,1
tt1355683,/name/nm1212722?ref_=tt_ov_st_sm,2
tt1355683,/name/nm0424848?ref_=tt_ov_st_sm,3
tt3862750,/name/nm0005125?ref_=tt_ov_st_sm,1
tt3862750,/name/nm1013003?ref_=tt_ov_st_sm,2
tt3862750,/name/nm0004820?ref_=tt_ov_st_sm,3
tt1502712,/name/nm1886602?ref_=tt_ov_st_sm,1
tt1502712,/name/nm0544718?ref_=tt_ov_st_sm,2
tt1502712,/name/nm0430107?ref_=tt_ov_st_sm,3
tt3460252,/name/nm0000168?ref_=tt_ov_st_sm,1
tt3460252,/name/nm0000621?ref_=tt_ov_st_sm,2
tt3460252,/name/nm0000492?ref_=tt_ov_st_sm,3
tt2381941,/name/nm0000226?ref_=tt_ov_st_sm,1
tt2381941,/name/nm3053338?ref_=tt_ov_st_sm,2
tt2381941,/name/nm0763928?ref_=tt_ov_st_sm,3
tt1798684,/name/nm0350453?ref_=tt_ov_st_sm,1
tt1798684,/name/nm1046097?ref_=tt_ov_st_sm,2
tt1798684,/name/nm4802218?ref_=tt_ov_st_sm,3
tt3195644,/name/nm0000551?ref_=tt_ov_st_sm,1
tt3195644,/name/nm2640887?ref_=tt_ov_st_sm,2
tt3195644,/name/nm0760151?ref_=tt_ov_st_sm,3
tt3397884,/name/nm1289434?ref_=tt_ov_st_sm,1
tt3397884,/name/nm0000982?ref_=tt_ov_st_sm,2
tt3397884,/name/nm0001125?ref_=tt_ov_st_sm,3
tt1638355,/name/nm0147147?ref_=tt_ov_st_sm,1
tt1638355,/name/nm2309517?ref_=tt_ov_st_sm,2
tt1638355,/name/nm2539953?ref_=tt_ov_st_sm,3
tt1895587,/name/nm0749263?ref_=tt_ov_st_sm,1
tt1895587,/name/nm0000474?ref_=tt_ov_st_sm,2
tt1895587,/name/nm1046097?ref_=tt_ov_st_sm,3
tt2097298,/name/nm0000126?ref_=tt_ov_st_sm,1
tt2097298,/name/nm0004742?ref_=tt_ov_st_sm,2
tt2097298,/name/nm7107400?ref_=tt_ov_st_sm,3
tt4178092,/name/nm0000867?ref_=tt_ov_st_sm,1
tt4178092,/name/nm0356017?ref_=tt_ov_st_sm,2
tt4178092,/name/nm0249291?ref_=tt_ov_st_sm,3
tt3530002,/name/nm0330687?ref_=tt_ov_st_sm,1
tt3530002,/name/nm0736622?ref_=tt_ov_st_sm,2
tt3530002,/name/nm3255459?ref_=tt_ov_st_sm,3
tt3850590,/name/nm0004395?ref_=tt_ov_st_sm,1
tt3850590,/name/nm0001057?ref_=tt_ov_st_sm,2
tt3850590,/name/nm0462712?ref_=tt_ov_st_sm,3
tt1655441,/name/nm0515116?ref_=tt_ov_st_sm,1
tt1655441,/name/nm0401264?ref_=tt_ov_st_sm,2
tt1655441,/name/nm0000148?ref_=tt_ov_st_sm,3
tt2381111,/name/nm1519680?ref_=tt_ov_st_sm,1
tt2381111,/name/nm1710309?ref_=tt_ov_st_sm,2
tt2381111,/name/nm1727304?ref_=tt_ov_st_sm,3
tt2726560,/name/nm2207222?ref_=tt_ov_st_sm,1
tt2726560,/name/nm1429380?ref_=tt_ov_st_sm,2
tt2726560,/name/nm0000257?ref_=tt_ov_st_sm,3
tt3181822,/name/nm0000182?ref_=tt_ov_st_sm,1
tt3181822,/name/nm4554428?ref_=tt_ov_st_sm,2
tt3181822,/name/nm0155693?ref_=tt_ov_st_sm,3
tt3332064,/name/nm5920962?ref_=tt_ov_st_sm,1
tt3332064,/name/nm0413168?ref_=tt_ov_st_sm,2
tt3332064,/name/nm1330560?ref_=tt_ov_st_sm,3
tt3322364,/name/nm0000226?ref_=tt_ov_st_sm,1
tt3322364,/name/nm0000285?ref_=tt_ov_st_sm,2
tt3322364,/name/nm0000983?ref_=tt_ov_st_sm,3
tt2967224,/name/nm0000702?ref_=tt_ov_st_sm,1
tt2967224,/name/nm0005527?ref_=tt_ov_st_sm,2
tt2967224,/name/nm0215682?ref_=tt_ov_st_sm,3
tt1666801,/name/nm0926165?ref_=tt_ov_st_sm,1
tt1666801,/name/nm2254074?ref_=tt_ov_st_sm,2
tt1666801,/name/nm2064412?ref_=tt_ov_st_sm,3
tt2404425,/name/nm0000545?ref_=tt_ov_st_sm,1
tt2404425,/name/nm0005351?ref_=tt_ov_st_sm,2
tt2404425,/name/nm0117709?ref_=tt_ov_st_sm,3
tt2555736,/name/nm0001132?ref_=tt_ov_st_sm,1
tt2555736,/name/nm0001749?ref_=tt_ov_st_sm,2
tt2555736,/name/nm0631490?ref_=tt_ov_st_sm,3
tt3622592,/name/nm1822659?ref_=tt_ov_st_sm,1
tt3622592,/name/nm5353321?ref_=tt_ov_st_sm,2
tt3622592,/name/nm3641002?ref_=tt_ov_st_sm,3
tt1823672,/name/nm1663205?ref_=tt_ov_st_sm,1
tt1823672,/name/nm2353862?ref_=tt_ov_st_sm,2
tt1823672,/name/nm0413168?ref_=tt_ov_st_sm,3
tt2554274,/name/nm1985859?ref_=tt_ov_st_sm,1
tt2554274,/name/nm1567113?ref_=tt_ov_st_sm,2
tt2554274,/name/nm1089991?ref_=tt_ov_st_sm,3
tt1178665,/name/nm0000602?ref_=tt_ov_st_sm,1
tt1178665,/name/nm0000560?ref_=tt_ov_st_sm,2
tt1178665,/name/nm0000668?ref_=tt_ov_st_sm,3
tt0102685,/name/nm0000664?ref_=tt_ov_st_sm,1
tt0102685,/name/nm0000206?ref_=tt_ov_st_sm,2
tt0102685,/name/nm0000997?ref_=tt_ov_st_sm,3
tt1618442,/name/nm0004874?ref_=tt_ov_st_sm,1
tt1618442,/name/nm3310211?ref_=tt_ov_st_sm,2
tt1618442,/name/nm0000704?ref_=tt_ov_st_sm,3
tt1781922,/name/nm1128572?ref_=tt_ov_st_sm,1
tt1781922,/name/nm0000112?ref_=tt_ov_st_sm,2
tt1781922,/name/nm0005562?ref_=tt_ov_st_sm,3
tt3623726,/name/nm0000658?ref_=tt_ov_st_sm,1
tt3623726,/name/nm0000177?ref_=tt_ov_st_sm,2
tt3623726,/name/nm0336701?ref_=tt_ov_st_sm,3
tt2199571,/name/nm0000553?ref_=tt_ov_st_sm,1
tt2199571,/name/nm0000438?ref_=tt_ov_st_sm,2
tt2199571,/name/nm1172478?ref_=tt_ov_st_sm,3
tt2279339,/name/nm0000188?ref_=tt_ov_st_sm,1
tt2279339,/name/nm0000473?ref_=tt_ov_st_sm,2
tt2279339,/name/nm0000422?ref_=tt_ov_st_sm,3
tt2918436,/name/nm1312575?ref_=tt_ov_st_sm,1
tt2918436,/name/nm0243233?ref_=tt_ov_st_sm,2
tt2918436,/name/nm1404239?ref_=tt_ov_st_sm,3
tt4263482,/name/nm5896355?ref_=tt_ov_st_sm,1
tt4263482,/name/nm0408591?ref_=tt_ov_st_sm,2
tt4263482,/name/nm0225483?ref_=tt_ov_st_sm,3
tt2309260,/name/nm3790547?ref_=tt_ov_st_sm,1
tt2309260,/name/nm6018502?ref_=tt_ov_st_sm,2
tt2309260,/name/nm4090362?ref_=tt_ov_st_sm,3
tt2679042,/name/nm1670029?ref_=tt_ov_st_sm,1
tt2679042,/name/nm3799669?ref_=tt_ov_st_sm,2
tt2679042,/name/nm0704270?ref_=tt_ov_st_sm,3
tt2436386,/name/nm0484541?ref_=tt_ov_st_sm,1
tt2436386,/name/nm3733763?ref_=tt_ov_st_sm,2
tt2436386,/name/nm4722966?ref_=tt_ov_st_sm,3
tt1243974,/name/nm0177896?ref_=tt_ov_st_sm,1
tt1243974,/name/nm1046097?ref_=tt_ov_st_sm,2
tt1243974,/name/nm1297015?ref_=tt_ov_st_sm,3
tt2872750,/name/nm1017994?ref_=tt_ov_st_sm,1
tt2872750,/name/nm0816950?ref_=tt_ov_st_sm,2
tt2872750,/name/nm0229084?ref_=tt_ov_st_sm,3
tt2057392,/name/nm0000545?ref_=tt_ov_st_sm,1
tt2057392,/name/nm0666739?ref_=tt_ov_st_sm,2
tt2057392,/name/nm0000614?ref_=tt_ov_st_sm,3
tt2473510,/name/nm3042235?ref_=tt_ov_st_sm,1
tt2473510,/name/nm1787921?ref_=tt_ov_st_sm,2
tt2473510,/name/nm6386497?ref_=tt_ov_st_sm,3
tt2080374,/name/nm1055413?ref_=tt_ov_st_sm,1
tt2080374,/name/nm0000701?ref_=tt_ov_st_sm,2
tt2080374,/name/nm0736622?ref_=tt_ov_st_sm,3
tt3168230,/name/nm0005212?ref_=tt_ov_st_sm,1
tt3168230,/name/nm0001473?ref_=tt_ov_st_sm,2
tt3168230,/name/nm0760796?ref_=tt_ov_st_sm,3
tt2015381,/name/nm0695435?ref_=tt_ov_st_sm,1
tt2015381,/name/nm0004874?ref_=tt_ov_st_sm,2
tt2015381,/name/nm0177896?ref_=tt_ov_st_sm,3
tt1843866,/name/nm0262635?ref_=tt_ov_st_sm,1
tt1843866,/name/nm0000168?ref_=tt_ov_st_sm,2
tt1843866,/name/nm0424060?ref_=tt_ov_st_sm,3
tt1490017,/name/nm0695435?ref_=tt_ov_st_sm,1
tt1490017,/name/nm0002071?ref_=tt_ov_st_sm,2
tt1490017,/name/nm0006969?ref_=tt_ov_st_sm,3
tt2310332,/name/nm0005212?ref_=tt_ov_st_sm,1
tt2310332,/name/nm0293509?ref_=tt_ov_st_sm,2
tt2310332,/name/nm0035514?ref_=tt_ov_st_sm,3
tt2109248,/name/nm0000242?ref_=tt_ov_st_sm,1
tt2109248,/name/nm2443758?ref_=tt_ov_st_sm,2
tt2109248,/name/nm2930503?ref_=tt_ov_st_sm,3
tt1587310,/name/nm0001401?ref_=tt_ov_st_sm,1
tt1587310,/name/nm1102577?ref_=tt_ov_st_sm,2
tt1587310,/name/nm1663205?ref_=tt_ov_st_sm,3
tt1877832,/name/nm0001772?ref_=tt_ov_st_sm,1
tt1877832,/name/nm0005212?ref_=tt_ov_st_sm,2
tt1877832,/name/nm0413168?ref_=tt_ov_st_sm,3
tt2245084,/name/nm3994407?ref_=tt_ov_st_sm,1
tt2245084,/name/nm0012523?ref_=tt_ov_st_sm,2
tt2245084,/name/nm1512166?ref_=tt_ov_st_sm,3
tt2103281,/name/nm0000198?ref_=tt_ov_st_sm,1
tt2103281,/name/nm0005392?ref_=tt_ov_st_sm,2
tt2103281,/name/nm0785227?ref_=tt_ov_st_sm,3
tt1872181,/name/nm1940449?ref_=tt_ov_st_sm,1
tt1872181,/name/nm1297015?ref_=tt_ov_st_sm,2
tt1872181,/name/nm0004937?ref_=tt_ov_st_sm,3
tt2294449,/name/nm1475594?ref_=tt_ov_st_sm,1
tt2294449,/name/nm1706767?ref_=tt_ov_st_sm,2
tt2294449,/name/nm0001084?ref_=tt_ov_st_sm,3
tt1291150,/name/nm1083271?ref_=tt_ov_st_sm,1
tt1291150,/name/nm0004715?ref_=tt_ov_st_sm,2
tt1291150,/name/nm0001209?ref_=tt_ov_st_sm,3
tt0816692,/name/nm0000190?ref_=tt_ov_st_sm,1
tt0816692,/name/nm0004266?ref_=tt_ov_st_sm,2
tt0816692,/name/nm1567113?ref_=tt_ov_st_sm,3
tt1646971,/name/nm0059431?ref_=tt_ov_st_sm,1
tt1646971,/name/nm0000949?ref_=tt_ov_st_sm,2
tt1646971,/name/nm0124930?ref_=tt_ov_st_sm,3
tt2267998,/name/nm0000255?ref_=tt_ov_st_sm,1
tt2267998,/name/nm0683253?ref_=tt_ov_st_sm,2
tt2267998,/name/nm0000439?ref_=tt_ov_st_sm,3
tt1840309,/name/nm0940362?ref_=tt_ov_st_sm,1
tt1840309,/name/nm3772243?ref_=tt_ov_st_sm,2
tt1840309,/name/nm0000701?ref_=tt_ov_st_sm,3
tt1408253,/name/nm0001084?ref_=tt_ov_st_sm,1
tt1408253,/name/nm0366389?ref_=tt_ov_st_sm,2
tt1408253,/name/nm1754366?ref_=tt_ov_st_sm,3
tt2357291,/name/nm0251986?ref_=tt_ov_st_sm,1
tt2357291,/name/nm0004266?ref_=tt_ov_st_sm,2
tt2357291,/name/nm1318596?ref_=tt_ov_st_sm,3
tt2802144,/name/nm0000147?ref_=tt_ov_st_sm,1
tt2802144,/name/nm5473782?ref_=tt_ov_st_sm,2
tt2802144,/name/nm0000168?ref_=tt_ov_st_sm,3
tt2180411,/name/nm0447695?ref_=tt_ov_st_sm,1
tt2180411,/name/nm0000658?ref_=tt_ov_st_sm,2
tt2180411,/name/nm1517976?ref_=tt_ov_st_sm,3
tt2872732,/name/nm0424060?ref_=tt_ov_st_sm,1
tt2872732,/name/nm0000151?ref_=tt_ov_st_sm,2
tt2872732,/name/nm0158856?ref_=tt_ov_st_sm,3
tt2582846,/name/nm0940362?ref_=tt_ov_st_sm,1
tt2582846,/name/nm5052065?ref_=tt_ov_st_sm,2
tt2582846,/name/nm1822659?ref_=tt_ov_st_sm,3
tt1809398,/name/nm1925239?ref_=tt_ov_st_sm,1
tt1809398,/name/nm2032193?ref_=tt_ov_st_sm,2
tt1809398,/name/nm1727304?ref_=tt_ov_st_sm,3
tt2692250,/name/nm0001774?ref_=tt_ov_st_sm,1
tt2692250,/name/nm0000245?ref_=tt_ov_st_sm,2
tt2692250,/name/nm0005562?ref_=tt_ov_st_sm,3
tt1790864,/name/nm3729721?ref_=tt_ov_st_sm,1
tt1790864,/name/nm2546012?ref_=tt_ov_st_sm,2
tt1790864,/name/nm2401020?ref_=tt_ov_st_sm,3
tt0455944,/name/nm0000243?ref_=tt_ov_st_sm,1
tt0455944,/name/nm0190744?ref_=tt_ov_st_sm,2
tt0455944,/name/nm1631269?ref_=tt_ov_st_sm,3
tt1959490,/name/nm0000128?ref_=tt_ov_st_sm,1
tt1959490,/name/nm0000124?ref_=tt_ov_st_sm,2
tt1959490,/name/nm0000164?ref_=tt_ov_st_sm,3
tt1631867,/name/nm0000129?ref_=tt_ov_st_sm,1
tt1631867,/name/nm1289434?ref_=tt_ov_st_sm,2
tt1631867,/name/nm0000200?ref_=tt_ov_st_sm,3
tt2024469,/name/nm0000553?ref_=tt_ov_st_sm,1
tt2024469,/name/nm0000194?ref_=tt_ov_st_sm,2
tt2024469,/name/nm1058940?ref_=tt_ov_st_sm,3
tt1929263,/name/nm0001427?ref_=tt_ov_st_sm,1
tt1929263,/name/nm0717709?ref_=tt_ov_st_sm,2
tt1929263,/name/nm0002006?ref_=tt_ov_st_sm,3
tt2084970,/name/nm1212722?ref_=tt_ov_st_sm,1
tt2084970,/name/nm0461136?ref_=tt_ov_st_sm,2
tt2084970,/name/nm0328828?ref_=tt_ov_st_sm,3
tt2446042,/name/nm0000553?ref_=tt_ov_st_sm,1
tt2446042,/name/nm0001845?ref_=tt_ov_st_sm,2
tt2446042,/name/nm1192254?ref_=tt_ov_st_sm,3
tt2096672,/name/nm0000120?ref_=tt_ov_st_sm,1
tt2096672,/name/nm0001099?ref_=tt_ov_st_sm,2
tt2096672,/name/nm1443527?ref_=tt_ov_st_sm,3
tt2713180,/name/nm0000093?ref_=tt_ov_st_sm,1
tt2713180,/name/nm0479471?ref_=tt_ov_st_sm,2
tt2713180,/name/nm0503567?ref_=tt_ov_st_sm,3
tt2103254,/name/nm0565250?ref_=tt_ov_st_sm,1
tt2103254,/name/nm0000215?ref_=tt_ov_st_sm,2
tt2103254,/name/nm0000870?ref_=tt_ov_st_sm,3
tt3322940,/name/nm1782235?ref_=tt_ov_st_sm,1
tt3322940,/name/nm1834115?ref_=tt_ov_st_sm,2
tt3322940,/name/nm0005569?ref_=tt_ov_st_sm,3
tt2203939,/name/nm0000139?ref_=tt_ov_st_sm,1
tt2203939,/name/nm0005182?ref_=tt_ov_st_sm,2
tt2203939,/name/nm4478322?ref_=tt_ov_st_sm,3
tt1911658,/name/nm0569891?ref_=tt_ov_st_sm,1
tt1911658,/name/nm3735491?ref_=tt_ov_st_sm,2
tt1911658,/name/nm0971017?ref_=tt_ov_st_sm,3
tt2177771,/name/nm0000123?ref_=tt_ov_st_sm,1
tt2177771,/name/nm0000354?ref_=tt_ov_st_sm,2
tt2177771,/name/nm0000195?ref_=tt_ov_st_sm,3
tt1109624,/name/nm0095017?ref_=tt_ov_st_sm,1
tt1109624,/name/nm1020089?ref_=tt_ov_st_sm,2
tt1109624,/name/nm0910278?ref_=tt_ov_st_sm,3
tt2975578,/name/nm0342029?ref_=tt_ov_st_sm,1
tt2975578,/name/nm0252238?ref_=tt_ov_st_sm,2
tt2975578,/name/nm1472917?ref_=tt_ov_st_sm,3
tt1698641,/name/nm0136797?ref_=tt_ov_st_sm,1
tt1698641,/name/nm0004950?ref_=tt_ov_st_sm,2
tt1698641,/name/nm4590837?ref_=tt_ov_st_sm,3
tt1528100,/name/nm0000288?ref_=tt_ov_st_sm,1
tt1528100,/name/nm0249291?ref_=tt_ov_st_sm,2
tt1528100,/name/nm0001426?ref_=tt_ov_st_sm,3
tt1821658,/name/nm0004715?ref_=tt_ov_st_sm,1
tt1821658,/name/nm0000409?ref_=tt_ov_st_sm,2
tt1821658,/name/nm0000553?ref_=tt_ov_st_sm,3
tt3210686,/name/nm0604430?ref_=tt_ov_st_sm,1
tt3210686,/name/nm2362244?ref_=tt_ov_st_sm,2
tt3210686,/name/nm0382854?ref_=tt_ov_st_sm,3
tt2980706,/name/nm0176981?ref_=tt_ov_st_sm,1
tt2980706,/name/nm0000438?ref_=tt_ov_st_sm,2
tt2980706,/name/nm0100866?ref_=tt_ov_st_sm,3
tt2278388,/name/nm0000146?ref_=tt_ov_st_sm,1
tt2278388,/name/nm0000719?ref_=tt_ov_st_sm,2
tt2278388,/name/nm0023832?ref_=tt_ov_st_sm,3
tt0829150,/name/nm1812656?ref_=tt_ov_st_sm,1
tt0829150,/name/nm1002641?ref_=tt_ov_st_sm,2
tt0829150,/name/nm0300589?ref_=tt_ov_st_sm,3
tt2170439,/name/nm0000867?ref_=tt_ov_st_sm,1
tt2170439,/name/nm0837177?ref_=tt_ov_st_sm,2
tt2170439,/name/nm0206359?ref_=tt_ov_st_sm,3
tt2281587,/name/nm0315041?ref_=tt_ov_st_sm,1
tt2281587,/name/nm0123092?ref_=tt_ov_st_sm,2
tt2281587,/name/nm0275486?ref_=tt_ov_st_sm,3
tt1204977,/name/nm4972453?ref_=tt_ov_st_sm,1
tt1204977,/name/nm4519628?ref_=tt_ov_st_sm,2
tt1204977,/name/nm2973326?ref_=tt_ov_st_sm,3
tt0787474,/name/nm0001426?ref_=tt_ov_st_sm,1
tt0787474,/name/nm0364813?ref_=tt_ov_st_sm,2
tt0787474,/name/nm0296545?ref_=tt_ov_st_sm,3
tt1205537,/name/nm1517976?ref_=tt_ov_st_sm,1
tt1205537,/name/nm0000126?ref_=tt_ov_st_sm,2
tt1205537,/name/nm0461136?ref_=tt_ov_st_sm,3
tt1355630,/name/nm1631269?ref_=tt_ov_st_sm,1
tt1355630,/name/nm0257969?ref_=tt_ov_st_sm,2
tt1355630,/name/nm3284401?ref_=tt_ov_st_sm,3
tt1826590,/name/nm0366389?ref_=tt_ov_st_sm,1
tt1826590,/name/nm1013003?ref_=tt_ov_st_sm,2
tt1826590,/name/nm0356021?ref_=tt_ov_st_sm,3
tt1742044,/name/nm1638365?ref_=tt_ov_st_sm,1
tt1742044,/name/nm2706992?ref_=tt_ov_st_sm,2
tt1742044,/name/nm4608989?ref_=tt_ov_st_sm,3
tt1086772,/name/nm0001191?ref_=tt_ov_st_sm,1
tt1086772,/name/nm0000106?ref_=tt_ov_st_sm,2
tt1086772,/name/nm1018488?ref_=tt_ov_st_sm,3
tt0435651,/name/nm4154798?ref_=tt_ov_st_sm,1
tt0435651,/name/nm0000313?ref_=tt_ov_st_sm,2
tt0435651,/name/nm0000658?ref_=tt_ov_st_sm,3
tt2369135,/name/nm0666739?ref_=tt_ov_st_sm,1
tt2369135,/name/nm1002641?ref_=tt_ov_st_sm,2
tt2369135,/name/nm1782299?ref_=tt_ov_st_sm,3
tt2557490,/name/nm0532235?ref_=tt_ov_st_sm,1
tt2557490,/name/nm0000234?ref_=tt_ov_st_sm,2
tt2557490,/name/nm0000553?ref_=tt_ov_st_sm,3
tt2911666,/name/nm0000206?ref_=tt_ov_st_sm,1
tt2911666,/name/nm0638824?ref_=tt_ov_st_sm,2
tt2911666,/name/nm0654295?ref_=tt_ov_st_sm,3
tt2978462,/name/nm0000151?ref_=tt_ov_st_sm,1
tt2978462,/name/nm0000171?ref_=tt_ov_st_sm,2
tt2978462,/name/nm1997480?ref_=tt_ov_st_sm,3
tt2333784,/name/nm0000230?ref_=tt_ov_st_sm,1
tt2333784,/name/nm0005458?ref_=tt_ov_st_sm,2
tt2333784,/name/nm0001472?ref_=tt_ov_st_sm,3
tt2183034,/name/nm5128387?ref_=tt_ov_st_sm,1
tt2183034,/name/nm4702342?ref_=tt_ov_st_sm,2
tt2183034,/name/nm3419119?ref_=tt_ov_st_sm,3
tt1956620,/name/nm0781981?ref_=tt_ov_st_sm,1
tt1956620,/name/nm0000139?ref_=tt_ov_st_sm,2
tt1956620,/name/nm1117791?ref_=tt_ov_st_sm,3
tt1647668,/name/nm0358316?ref_=tt_ov_st_sm,1
tt1647668,/name/nm0541902?ref_=tt_ov_st_sm,2
tt1647668,/name/nm0000273?ref_=tt_ov_st_sm,3
tt2980516,/name/nm1519666?ref_=tt_ov_st_sm,1
tt2980516,/name/nm0428065?ref_=tt_ov_st_sm,2
tt2980516,/name/nm4350114?ref_=tt_ov_st_sm,3
tt1371150,/name/nm0000867?ref_=tt_ov_st_sm,1
tt1371150,/name/nm0275486?ref_=tt_ov_st_sm,2
tt1371150,/name/nm0000404?ref_=tt_ov_st_sm,3
tt2039393,/name/nm0000242?ref_=tt_ov_st_sm,1
tt2039393,/name/nm0001448?ref_=tt_ov_st_sm,2
tt2039393,/name/nm0000422?ref_=tt_ov_st_sm,3
tt2473682,/name/nm5594209?ref_=tt_ov_st_sm,1
tt2473682,/name/nm0246612?ref_=tt_ov_st_sm,2
tt2473682,/name/nm4493176?ref_=tt_ov_st_sm,3
tt2872718,/name/nm0350453?ref_=tt_ov_st_sm,1
tt2872718,/name/nm0000623?ref_=tt_ov_st_sm,2
tt2872718,/name/nm0000200?ref_=tt_ov_st_sm,3
tt2172934,/name/nm0000126?ref_=tt_ov_st_sm,1
tt2172934,/name/nm2794962?ref_=tt_ov_st_sm,2
tt2172934,/name/nm0001567?ref_=tt_ov_st_sm,3
tt2503944,/name/nm0177896?ref_=tt_ov_st_sm,1
tt2503944,/name/nm1092227?ref_=tt_ov_st_sm,2
tt2503944,/name/nm0117709?ref_=tt_ov_st_sm,3
tt2377322,/name/nm0051509?ref_=tt_ov_st_sm,1
tt2377322,/name/nm1183149?ref_=tt_ov_st_sm,2
tt2377322,/name/nm1601397?ref_=tt_ov_st_sm,3
tt2473602,/name/nm1569276?ref_=tt_ov_st_sm,1
tt2473602,/name/nm1734700?ref_=tt_ov_st_sm,2
tt2473602,/name/nm0000101?ref_=tt_ov_st_sm,3
tt2247476,/name/nm0001029?ref_=tt_ov_st_sm,1
tt2247476,/name/nm1573253?ref_=tt_ov_st_sm,2
tt2247476,/name/nm0004821?ref_=tt_ov_st_sm,3
tt1951264,/name/nm2225369?ref_=tt_ov_st_sm,1
tt1951264,/name/nm1242688?ref_=tt_ov_st_sm,2
tt1951264,/name/nm2955013?ref_=tt_ov_st_sm,3
tt1300854,/name/nm0000375?ref_=tt_ov_st_sm,1
tt1300854,/name/nm0001602?ref_=tt_ov_st_sm,2
tt1300854,/name/nm0000569?ref_=tt_ov_st_sm,3
tt2294629,/name/nm0068338?ref_=tt_ov_st_sm,1
tt2294629,/name/nm0579953?ref_=tt_ov_st_sm,2
tt2294629,/name/nm2676147?ref_=tt_ov_st_sm,3
tt1690953,/name/nm0136797?ref_=tt_ov_st_sm,1
tt1690953,/name/nm1325419?ref_=tt_ov_st_sm,2
tt1690953,/name/nm0000973?ref_=tt_ov_st_sm,3
tt0770828,/name/nm0147147?ref_=tt_ov_st_sm,1
tt0770828,/name/nm0010736?ref_=tt_ov_st_sm,2
tt0770828,/name/nm0788335?ref_=tt_ov_st_sm,3
tt1453405,/name/nm0000345?ref_=tt_ov_st_sm,1
tt1453405,/name/nm0000422?ref_=tt_ov_st_sm,2
tt1453405,/name/nm0000114?ref_=tt_ov_st_sm,3
tt1170358,/name/nm0005212?ref_=tt_ov_st_sm,1
tt1170358,/name/nm0293509?ref_=tt_ov_st_sm,2
tt1170358,/name/nm0035514?ref_=tt_ov_st_sm,3
tt1905041,/name/nm0004874?ref_=tt_ov_st_sm,1
tt1905041,/name/nm0908094?ref_=tt_ov_st_sm,2
tt1905041,/name/nm0425005?ref_=tt_ov_st_sm,3
tt1623205,/name/nm0290556?ref_=tt_ov_st_sm,1
tt1623205,/name/nm0931329?ref_=tt_ov_st_sm,2
tt1623205,/name/nm0001838?ref_=tt_ov_st_sm,3
tt1408101,/name/nm1517976?ref_=tt_ov_st_sm,1
tt1408101,/name/nm0704270?ref_=tt_ov_st_sm,2
tt1408101,/name/nm0757855?ref_=tt_ov_st_sm,3
tt1981115,/name/nm1165110?ref_=tt_ov_st_sm,1
tt1981115,/name/nm0000204?ref_=tt_ov_st_sm,2
tt1981115,/name/nm1089991?ref_=tt_ov_st_sm,3
tt0816711,/name/nm0000093?ref_=tt_ov_st_sm,1
tt0816711,/name/nm0257969?ref_=tt_ov_st_sm,2
tt0816711,/name/nm2020146?ref_=tt_ov_st_sm,3
tt0481499,/name/nm0000115?ref_=tt_ov_st_sm,1
tt0481499,/name/nm0005351?ref_=tt_ov_st_sm,2
tt0481499,/name/nm1297015?ref_=tt_ov_st_sm,3
tt2404463,/name/nm0000113?ref_=tt_ov_st_sm,1
tt2404463,/name/nm0567912?ref_=tt_ov_st_sm,2
tt2404463,/name/nm0565250?ref_=tt_ov_st_sm,3
tt1800241,/name/nm0000288?ref_=tt_ov_st_sm,1
tt1800241,/name/nm0010736?ref_=tt_ov_st_sm,2
tt1800241,/name/nm0177896?ref_=tt_ov_st_sm,3
tt1343092,/name/nm0000138?ref_=tt_ov_st_sm,1
tt1343092,/name/nm1659547?ref_=tt_ov_st_sm,2
tt1343092,/name/nm0249291?ref_=tt_ov_st_sm,3
tt1457767,/name/nm0933940?ref_=tt_ov_st_sm,1
tt1457767,/name/nm0267812?ref_=tt_ov_st_sm,2
tt1457767,/name/nm0515296?ref_=tt_ov_st_sm,3
tt2024432,/name/nm0000867?ref_=tt_ov_st_sm,1
tt2024432,/name/nm0565250?ref_=tt_ov_st_sm,2
tt2024432,/name/nm0158626?ref_=tt_ov_st_sm,3
tt2191701,/name/nm0001191?ref_=tt_ov_st_sm,1
tt2191701,/name/nm0416673?ref_=tt_ov_st_sm,2
tt2191701,/name/nm0001674?ref_=tt_ov_st_sm,3
tt1430132,/name/nm0413168?ref_=tt_ov_st_sm,1
tt1430132,/name/nm0498449?ref_=tt_ov_st_sm,2
tt1430132,/name/nm5148840?ref_=tt_ov_st_sm,3
tt1229340,/name/nm0002071?ref_=tt_ov_st_sm,1
tt1229340,/name/nm0000775?ref_=tt_ov_st_sm,2
tt1229340,/name/nm0748620?ref_=tt_ov_st_sm,3
tt1091191,/name/nm0000242?ref_=tt_ov_st_sm,1
tt1091191,/name/nm2018237?ref_=tt_ov_st_sm,2
tt1091191,/name/nm0386472?ref_=tt_ov_st_sm,3
tt1583421,/name/nm0425005?ref_=tt_ov_st_sm,1
tt1583421,/name/nm1475594?ref_=tt_ov_st_sm,2
tt1583421,/name/nm1597316?ref_=tt_ov_st_sm,3
tt1985966,/name/nm0352778?ref_=tt_ov_st_sm,1
tt1985966,/name/nm0267506?ref_=tt_ov_st_sm,2
tt1985966,/name/nm0287182?ref_=tt_ov_st_sm,3
tt1670345,/name/nm0251986?ref_=tt_ov_st_sm,1
tt1670345,/name/nm0996669?ref_=tt_ov_st_sm,2
tt1670345,/name/nm0749263?ref_=tt_ov_st_sm,3
tt0993846,/name/nm0000138?ref_=tt_ov_st_sm,1
tt0993846,/name/nm1706767?ref_=tt_ov_st_sm,2
tt0993846,/name/nm3053338?ref_=tt_ov_st_sm,3
tt1327773,/name/nm0001845?ref_=tt_ov_st_sm,1
tt1327773,/name/nm0001856?ref_=tt_ov_st_sm,2
tt1327773,/name/nm0000131?ref_=tt_ov_st_sm,3
tt1951261,/name/nm0177896?ref_=tt_ov_st_sm,1
tt1951261,/name/nm0302108?ref_=tt_ov_st_sm,2
tt1951261,/name/nm1159180?ref_=tt_ov_st_sm,3
tt0848537,/name/nm1086543?ref_=tt_ov_st_sm,1
tt0848537,/name/nm1242688?ref_=tt_ov_st_sm,2
tt0848537,/name/nm0461498?ref_=tt_ov_st_sm,3
tt1535109,/name/nm0000158?ref_=tt_ov_st_sm,1
tt1535109,/name/nm5831542?ref_=tt_ov_st_sm,2
tt1535109,/name/nm5831543?ref_=tt_ov_st_sm,3
tt1663662,/name/nm0252961?ref_=tt_ov_st_sm,1
tt1663662,/name/nm0402271?ref_=tt_ov_st_sm,2
tt1663662,/name/nm0452860?ref_=tt_ov_st_sm,3
tt2302755,/name/nm0124930?ref_=tt_ov_st_sm,1
tt2302755,/name/nm0001173?ref_=tt_ov_st_sm,2
tt2302755,/name/nm0000151?ref_=tt_ov_st_sm,3
tt0453562,/name/nm1569276?ref_=tt_ov_st_sm,1
tt0453562,/name/nm1165660?ref_=tt_ov_st_sm,2
tt0453562,/name/nm0000148?ref_=tt_ov_st_sm,3
tt1535108,/name/nm0000354?ref_=tt_ov_st_sm,1
tt1535108,/name/nm0000149?ref_=tt_ov_st_sm,2
tt1535108,/name/nm1663205?ref_=tt_ov_st_sm,3
tt1691917,/name/nm0016141?ref_=tt_ov_st_sm,1
tt1691917,/name/nm0176981?ref_=tt_ov_st_sm,2
tt1691917,/name/nm0005078?ref_=tt_ov_st_sm,3
tt1210819,/name/nm0000136?ref_=tt_ov_st_sm,1
tt1210819,/name/nm2309517?ref_=tt_ov_st_sm,2
tt1210819,/name/nm0001209?ref_=tt_ov_st_sm,3
tt1483013,/name/nm0000129?ref_=tt_ov_st_sm,1
tt1483013,/name/nm0000151?ref_=tt_ov_st_sm,2
tt1483013,/name/nm2057859?ref_=tt_ov_st_sm,3
tt2226417,/name/nm0933940?ref_=tt_ov_st_sm,1
tt2226417,/name/nm0126284?ref_=tt_ov_st_sm,2
tt2226417,/name/nm0001347?ref_=tt_ov_st_sm,3
tt2140373,/name/nm0000668?ref_=tt_ov_st_sm,1
tt2140373,/name/nm0000158?ref_=tt_ov_st_sm,2
tt2140373,/name/nm4003520?ref_=tt_ov_st_sm,3
tt1860353,/name/nm0005351?ref_=tt_ov_st_sm,1
tt1860353,/name/nm0316079?ref_=tt_ov_st_sm,2
tt1860353,/name/nm0748973?ref_=tt_ov_st_sm,3
tt2334879,/name/nm1475594?ref_=tt_ov_st_sm,1
tt2334879,/name/nm0004937?ref_=tt_ov_st_sm,2
tt2334879,/name/nm0350454?ref_=tt_ov_st_sm,3
tt2017020,/name/nm0000439?ref_=tt_ov_st_sm,1
tt2017020,/name/nm1724323?ref_=tt_ov_st_sm,2
tt2017020,/name/nm2953537?ref_=tt_ov_st_sm,3
tt2083355,/name/nm0004793?ref_=tt_ov_st_sm,1
tt2083355,/name/nm0004820?ref_=tt_ov_st_sm,2
tt2083355,/name/nm0211726?ref_=tt_ov_st_sm,3
tt1854564,/name/nm0503567?ref_=tt_ov_st_sm,1
tt1854564,/name/nm1275259?ref_=tt_ov_st_sm,2
tt1854564,/name/nm1040365?ref_=tt_ov_st_sm,3
tt1606378,/name/nm0000246?ref_=tt_ov_st_sm,1
tt1606378,/name/nm2541974?ref_=tt_ov_st_sm,2
tt1606378,/name/nm0462407?ref_=tt_ov_st_sm,3
tt1588173,/name/nm0396558?ref_=tt_ov_st_sm,1
tt1588173,/name/nm1954240?ref_=tt_ov_st_sm,2
tt1588173,/name/nm0000518?ref_=tt_ov_st_sm,3
tt1351685,/name/nm0396558?ref_=tt_ov_st_sm,1
tt1351685,/name/nm0001804?ref_=tt_ov_st_sm,2
tt1351685,/name/nm0000191?ref_=tt_ov_st_sm,3
tt2184339,/name/nm0000160?ref_=tt_ov_st_sm,1
tt2184339,/name/nm0372176?ref_=tt_ov_st_sm,2
tt2184339,/name/nm1370269?ref_=tt_ov_st_sm,3
tt1204975,/name/nm0000134?ref_=tt_ov_st_sm,1
tt1204975,/name/nm0000140?ref_=tt_ov_st_sm,2
tt1204975,/name/nm0000151?ref_=tt_ov_st_sm,3
tt1392214,/name/nm0413168?ref_=tt_ov_st_sm,1
tt1392214,/name/nm0350453?ref_=tt_ov_st_sm,2
tt1392214,/name/nm0205626?ref_=tt_ov_st_sm,3
tt1815862,/name/nm1535523?ref_=tt_ov_st_sm,1
tt1815862,/name/nm0219292?ref_=tt_ov_st_sm,2
tt1815862,/name/nm0000226?ref_=tt_ov_st_sm,3
tt0359950,/name/nm0001774?ref_=tt_ov_st_sm,1
tt0359950,/name/nm1325419?ref_=tt_ov_st_sm,2
tt0359950,/name/nm1789985?ref_=tt_ov_st_sm,3
tt0765446,/name/nm0000409?ref_=tt_ov_st_sm,1
tt0765446,/name/nm0000572?ref_=tt_ov_st_sm,2
tt0765446,/name/nm0004695?ref_=tt_ov_st_sm,3
tt2024544,/name/nm0252230?ref_=tt_ov_st_sm,1
tt2024544,/name/nm0931324?ref_=tt_ov_st_sm,2
tt2024544,/name/nm1055413?ref_=tt_ov_st_sm,3
tt1621039,/name/nm0000437?ref_=tt_ov_st_sm,1
tt1621039,/name/nm0005562?ref_=tt_ov_st_sm,2
tt1621039,/name/nm0283945?ref_=tt_ov_st_sm,3
tt1821694,/name/nm0000246?ref_=tt_ov_st_sm,1
tt1821694,/name/nm0000545?ref_=tt_ov_st_sm,2
tt1821694,/name/nm0000518?ref_=tt_ov_st_sm,3
tt2609758,/name/nm1347153?ref_=tt_ov_st_sm,1
tt2609758,/name/nm0614877?ref_=tt_ov_st_sm,2
tt2609758,/name/nm1754366?ref_=tt_ov_st_sm,3
tt2070862,/name/nm0810619?ref_=tt_ov_st_sm,1
tt2070862,/name/nm0001853?ref_=tt_ov_st_sm,2
tt2070862,/name/nm0005275?ref_=tt_ov_st_sm,3
tt1911644,/name/nm0000932?ref_=tt_ov_st_sm,1
tt1911644,/name/nm2065398?ref_=tt_ov_st_sm,2
tt1911644,/name/nm1113550?ref_=tt_ov_st_sm,3
tt1321870,/name/nm0000576?ref_=tt_ov_st_sm,1
tt1321870,/name/nm0331516?ref_=tt_ov_st_sm,2
tt1321870,/name/nm1297015?ref_=tt_ov_st_sm,3
tt2234155,/name/nm0000681?ref_=tt_ov_st_sm,1
tt2234155,/name/nm0005562?ref_=tt_ov_st_sm,2
tt2234155,/name/nm0126284?ref_=tt_ov_st_sm,3
tt0882977,/name/nm0425005?ref_=tt_ov_st_sm,1
tt0882977,/name/nm0000215?ref_=tt_ov_st_sm,2
tt0882977,/name/nm1256532?ref_=tt_ov_st_sm,3
tt1411250,/name/nm0004874?ref_=tt_ov_st_sm,1
tt1411250,/name/nm0881631?ref_=tt_ov_st_sm,2
tt1411250,/name/nm0755267?ref_=tt_ov_st_sm,3
tt2243537,/name/nm0005541?ref_=tt_ov_st_sm,1
tt2243537,/name/nm0040591?ref_=tt_ov_st_sm,2
tt2243537,/name/nm0287168?ref_=tt_ov_st_sm,3
tt1335975,/name/nm0000206?ref_=tt_ov_st_sm,1
tt1335975,/name/nm0760796?ref_=tt_ov_st_sm,2
tt1335975,/name/nm0793069?ref_=tt_ov_st_sm,3
tt1322269,/name/nm0000658?ref_=tt_ov_st_sm,1
tt1322269,/name/nm0000551?ref_=tt_ov_st_sm,2
tt1322269,/name/nm0000210?ref_=tt_ov_st_sm,3
tt2431286,/name/nm0001132?ref_=tt_ov_st_sm,1
tt2431286,/name/nm0176869?ref_=tt_ov_st_sm,2
tt2431286,/name/nm4080531?ref_=tt_ov_st_sm,3
tt2404311,/name/nm0000134?ref_=tt_ov_st_sm,1
tt2404311,/name/nm0000201?ref_=tt_ov_st_sm,2
tt2404311,/name/nm1872698?ref_=tt_ov_st_sm,3
tt1762399,/name/nm2185462?ref_=tt_ov_st_sm,1
tt1762399,/name/nm0881631?ref_=tt_ov_st_sm,2
tt1762399,/name/nm3886028?ref_=tt_ov_st_sm,3
tt1939659,/name/nm1631269?ref_=tt_ov_st_sm,1
tt1939659,/name/nm0000194?ref_=tt_ov_st_sm,2
tt1939659,/name/nm3538539?ref_=tt_ov_st_sm,3
tt1572315,/name/nm1275259?ref_=tt_ov_st_sm,1
tt1572315,/name/nm0713389?ref_=tt_ov_st_sm,2
tt1572315,/name/nm2207222?ref_=tt_ov_st_sm,3
tt2334873,/name/nm0000949?ref_=tt_ov_st_sm,1
tt2334873,/name/nm0000285?ref_=tt_ov_st_sm,2
tt2334873,/name/nm0765597?ref_=tt_ov_st_sm,3
tt2053463,/name/nm1913734?ref_=tt_ov_st_sm,1
tt2053463,/name/nm1475594?ref_=tt_ov_st_sm,2
tt2053463,/name/nm0000179?ref_=tt_ov_st_sm,3
tt0795461,/name/nm0005350?ref_=tt_ov_st_sm,1
tt0795461,/name/nm0864308?ref_=tt_ov_st_sm,2
tt0795461,/name/nm0000221?ref_=tt_ov_st_sm,3
tt1538403,/name/nm2934314?ref_=tt_ov_st_sm,1
tt1538403,/name/nm2570429?ref_=tt_ov_st_sm,2
tt1538403,/name/nm1588066?ref_=tt_ov_st_sm,3
tt2387559,/name/nm0000681?ref_=tt_ov_st_sm,1
tt2387559,/name/nm0695435?ref_=tt_ov_st_sm,2
tt2387559,/name/nm1130627?ref_=tt_ov_st_sm,3
tt1661382,/name/nm0000134?ref_=tt_ov_st_sm,1
tt1661382,/name/nm0000230?ref_=tt_ov_st_sm,2
tt1661382,/name/nm0000107?ref_=tt_ov_st_sm,3
tt1650554,/name/nm1093951?ref_=tt_ov_st_sm,1
tt1650554,/name/nm1631269?ref_=tt_ov_st_sm,2
tt1650554,/name/nm2395586?ref_=tt_ov_st_sm,3
tt2388715,/name/nm2394794?ref_=tt_ov_st_sm,1
tt2388715,/name/nm4154798?ref_=tt_ov_st_sm,2
tt2388715,/name/nm0755267?ref_=tt_ov_st_sm,3
tt1979320,/name/nm0117709?ref_=tt_ov_st_sm,1
tt1979320,/name/nm1165110?ref_=tt_ov_st_sm,2
tt1979320,/name/nm1312575?ref_=tt_ov_st_sm,3
tt1517260,/name/nm1519680?ref_=tt_ov_st_sm,1
tt1517260,/name/nm1796057?ref_=tt_ov_st_sm,2
tt1517260,/name/nm1831976?ref_=tt_ov_st_sm,3
tt0478087,/name/nm0836343?ref_=tt_ov_st_sm,1
tt0478087,/name/nm0098378?ref_=tt_ov_st_sm,2
tt0478087,/name/nm0000228?ref_=tt_ov_st_sm,3
tt1798709,/name/nm0001618?ref_=tt_ov_st_sm,1
tt1798709,/name/nm0010736?ref_=tt_ov_st_sm,2
tt1798709,/name/nm0424060?ref_=tt_ov_st_sm,3
tt1535438,/name/nm0000658?ref_=tt_ov_st_sm,1
tt1535438,/name/nm0000169?ref_=tt_ov_st_sm,2
tt1535438,/name/nm0136797?ref_=tt_ov_st_sm,3
tt1327194,/name/nm1374980?ref_=tt_ov_st_sm,1
tt1327194,/name/nm2279940?ref_=tt_ov_st_sm,2
tt1327194,/name/nm0001100?ref_=tt_ov_st_sm,3
tt1645170,/name/nm0056187?ref_=tt_ov_st_sm,1
tt1645170,/name/nm0267506?ref_=tt_ov_st_sm,2
tt1645170,/name/nm0000604?ref_=tt_ov_st_sm,3
tt0100802,/name/nm0000216?ref_=tt_ov_st_sm,1
tt0100802,/name/nm0000232?ref_=tt_ov_st_sm,2
tt0100802,/name/nm0000461?ref_=tt_ov_st_sm,3
tt1605630,/name/nm0004755?ref_=tt_ov_st_sm,1
tt1605630,/name/nm0004989?ref_=tt_ov_st_sm,2
tt1605630,/name/nm0005405?ref_=tt_ov_st_sm,3
tt1623288,/name/nm2240346?ref_=tt_ov_st_sm,1
tt1623288,/name/nm0447695?ref_=tt_ov_st_sm,2
tt1623288,/name/nm2395586?ref_=tt_ov_st_sm,3
tt1596350,/name/nm0000702?ref_=tt_ov_st_sm,1
tt1596350,/name/nm1517976?ref_=tt_ov_st_sm,2
tt1596350,/name/nm0362766?ref_=tt_ov_st_sm,3
tt1596365,/name/nm0705356?ref_=tt_ov_st_sm,1
tt1596365,/name/nm0005216?ref_=tt_ov_st_sm,2
tt1596365,/name/nm0001354?ref_=tt_ov_st_sm,3
tt2109184,/name/nm0242295?ref_=tt_ov_st_sm,1
tt2109184,/name/nm2209370?ref_=tt_ov_st_sm,2
tt2109184,/name/nm2397866?ref_=tt_ov_st_sm,3
tt0115906,/name/nm0000368?ref_=tt_ov_st_sm,1
tt0115906,/name/nm0001436?ref_=tt_ov_st_sm,2
tt0115906,/name/nm0005316?ref_=tt_ov_st_sm,3
tt1462769,/name/nm0004950?ref_=tt_ov_st_sm,1
tt1462769,/name/nm0249291?ref_=tt_ov_st_sm,2
tt1462769,/name/nm2640264?ref_=tt_ov_st_sm,3
tt0485985,/name/nm0000421?ref_=tt_ov_st_sm,1
tt0485985,/name/nm0574468?ref_=tt_ov_st_sm,2
tt0485985,/name/nm0654648?ref_=tt_ov_st_sm,3
tt0431021,/name/nm2828435?ref_=tt_ov_st_sm,1
tt0431021,/name/nm0604742?ref_=tt_ov_st_sm,2
tt0431021,/name/nm0001718?ref_=tt_ov_st_sm,3
tt2023453,/name/nm2325393?ref_=tt_ov_st_sm,1
tt2023453,/name/nm2953573?ref_=tt_ov_st_sm,2
tt2023453,/name/nm1256602?ref_=tt_ov_st_sm,3
tt1922777,/name/nm0000160?ref_=tt_ov_st_sm,1
tt1922777,/name/nm1628115?ref_=tt_ov_st_sm,2
tt1922777,/name/nm0710447?ref_=tt_ov_st_sm,3
tt1748122,/name/nm4442068?ref_=tt_ov_st_sm,1
tt1748122,/name/nm4442319?ref_=tt_ov_st_sm,2
tt1748122,/name/nm0000246?ref_=tt_ov_st_sm,3
tt1648179,/name/nm0416673?ref_=tt_ov_st_sm,1
tt1648179,/name/nm0000161?ref_=tt_ov_st_sm,2
tt1648179,/name/nm0001857?ref_=tt_ov_st_sm,3
tt0383010,/name/nm0005003?ref_=tt_ov_st_sm,1
tt0383010,/name/nm0224565?ref_=tt_ov_st_sm,2
tt0383010,/name/nm0766005?ref_=tt_ov_st_sm,3
tt1855325,/name/nm0000170?ref_=tt_ov_st_sm,1
tt1855325,/name/nm0347149?ref_=tt_ov_st_sm,2
tt1855325,/name/nm0735442?ref_=tt_ov_st_sm,3
tt1259521,/name/nm1393354?ref_=tt_ov_st_sm,1
tt1259521,/name/nm1165110?ref_=tt_ov_st_sm,2
tt1259521,/name/nm0404307?ref_=tt_ov_st_sm,3
tt1855199,/name/nm0350453?ref_=tt_ov_st_sm,1
tt1855199,/name/nm0671567?ref_=tt_ov_st_sm,2
tt1855199,/name/nm0447695?ref_=tt_ov_st_sm,3
tt1336608,/name/nm2584600?ref_=tt_ov_st_sm,1
tt1336608,/name/nm1546300?ref_=tt_ov_st_sm,2
tt1336608,/name/nm0000129?ref_=tt_ov_st_sm,3
tt1611224,/name/nm0907548?ref_=tt_ov_st_sm,1
tt1611224,/name/nm0001722?ref_=tt_ov_st_sm,2
tt1611224,/name/nm1002641?ref_=tt_ov_st_sm,3
tt1212450,/name/nm0362766?ref_=tt_ov_st_sm,1
tt1212450,/name/nm0479471?ref_=tt_ov_st_sm,2
tt1212450,/name/nm0001602?ref_=tt_ov_st_sm,3
tt1694020,/name/nm0000659?ref_=tt_ov_st_sm,1
tt1694020,/name/nm0736622?ref_=tt_ov_st_sm,2
tt1694020,/name/nm0719444?ref_=tt_ov_st_sm,3
tt2083383,/name/nm0000142?ref_=tt_ov_st_sm,1
tt2083383,/name/nm0010736?ref_=tt_ov_st_sm,2
tt2083383,/name/nm0000422?ref_=tt_ov_st_sm,3
tt1298649,/name/nm0001774?ref_=tt_ov_st_sm,1
tt1298649,/name/nm0000681?ref_=tt_ov_st_sm,2
tt1298649,/name/nm1706767?ref_=tt_ov_st_sm,3
tt1142977,/name/nm0000213?ref_=tt_ov_st_sm,1
tt1142977,/name/nm0001573?ref_=tt_ov_st_sm,2
tt1142977,/name/nm0001737?ref_=tt_ov_st_sm,3
tt1800741,/name/nm3663324?ref_=tt_ov_st_sm,1
tt1800741,/name/nm4554428?ref_=tt_ov_st_sm,2
tt1800741,/name/nm1671147?ref_=tt_ov_st_sm,3
tt1885265,/name/nm1347153?ref_=tt_ov_st_sm,1
tt1885265,/name/nm0005517?ref_=tt_ov_st_sm,2
tt1885265,/name/nm0628601?ref_=tt_ov_st_sm,3
tt1430626,/name/nm0000424?ref_=tt_ov_st_sm,1
tt1430626,/name/nm0000161?ref_=tt_ov_st_sm,2
tt1430626,/name/nm0005315?ref_=tt_ov_st_sm,3
tt1710396,/name/nm0001451?ref_=tt_ov_st_sm,1
tt1710396,/name/nm0000573?ref_=tt_ov_st_sm,2
tt1710396,/name/nm1551130?ref_=tt_ov_st_sm,3
tt1195478,/name/nm0781981?ref_=tt_ov_st_sm,1
tt1195478,/name/nm1289434?ref_=tt_ov_st_sm,2
tt1195478,/name/nm0695435?ref_=tt_ov_st_sm,3
tt1371111,/name/nm0000158?ref_=tt_ov_st_sm,1
tt1371111,/name/nm0000932?ref_=tt_ov_st_sm,2
tt1371111,/name/nm0000424?ref_=tt_ov_st_sm,3
tt1598828,/name/nm0001337?ref_=tt_ov_st_sm,1
tt1598828,/name/nm0641816?ref_=tt_ov_st_sm,2
tt1598828,/name/nm0839326?ref_=tt_ov_st_sm,3
tt1935179,/name/nm0000190?ref_=tt_ov_st_sm,1
tt1935179,/name/nm4446467?ref_=tt_ov_st_sm,2
tt1935179,/name/nm5015107?ref_=tt_ov_st_sm,3
tt1817273,/name/nm0331516?ref_=tt_ov_st_sm,1
tt1817273,/name/nm0177896?ref_=tt_ov_st_sm,2
tt1817273,/name/nm0578949?ref_=tt_ov_st_sm,3
tt1547234,/name/nm0330687?ref_=tt_ov_st_sm,1
tt1547234,/name/nm0788335?ref_=tt_ov_st_sm,2
tt1547234,/name/nm1268158?ref_=tt_ov_st_sm,3
tt1430615,/name/nm0000106?ref_=tt_ov_st_sm,1
tt1430615,/name/nm1024677?ref_=tt_ov_st_sm,2
tt1430615,/name/nm4870585?ref_=tt_ov_st_sm,3
tt1568338,/name/nm0941777?ref_=tt_ov_st_sm,1
tt1568338,/name/nm0006969?ref_=tt_ov_st_sm,2
tt1568338,/name/nm0068260?ref_=tt_ov_st_sm,3
tt0848228,/name/nm0000375?ref_=tt_ov_st_sm,1
tt0848228,/name/nm0262635?ref_=tt_ov_st_sm,2
tt0848228,/name/nm0424060?ref_=tt_ov_st_sm,3
tt1345836,/name/nm0000288?ref_=tt_ov_st_sm,1
tt1345836,/name/nm0362766?ref_=tt_ov_st_sm,2
tt1345836,/name/nm0004266?ref_=tt_ov_st_sm,3
tt1392170,/name/nm2225369?ref_=tt_ov_st_sm,1
tt1392170,/name/nm1242688?ref_=tt_ov_st_sm,2
tt1392170,/name/nm2955013?ref_=tt_ov_st_sm,3
tt1074638,/name/nm0185819?ref_=tt_ov_st_sm,1
tt1074638,/name/nm0000849?ref_=tt_ov_st_sm,2
tt1074638,/name/nm0365140?ref_=tt_ov_st_sm,3
tt0903624,/name/nm0293509?ref_=tt_ov_st_sm,1
tt0903624,/name/nm0005212?ref_=tt_ov_st_sm,2
tt0903624,/name/nm0035514?ref_=tt_ov_st_sm,3
tt1673434,/name/nm0829576?ref_=tt_ov_st_sm,1
tt1673434,/name/nm1500155?ref_=tt_ov_st_sm,2
tt1673434,/name/nm1210124?ref_=tt_ov_st_sm,3
tt0948470,/name/nm1940449?ref_=tt_ov_st_sm,1
tt0948470,/name/nm1297015?ref_=tt_ov_st_sm,2
tt0948470,/name/nm0406975?ref_=tt_ov_st_sm,3
tt1217209,/name/nm0531808?ref_=tt_ov_st_sm,1
tt1217209,/name/nm0175262?ref_=tt_ov_st_sm,2
tt1217209,/name/nm0000668?ref_=tt_ov_st_sm,3
tt1482459,/name/nm1374980?ref_=tt_ov_st_sm,1
tt1482459,/name/nm2357847?ref_=tt_ov_st_sm,2
tt1482459,/name/nm0000362?ref_=tt_ov_st_sm,3
tt1772341,/name/nm0000604?ref_=tt_ov_st_sm,1
tt1772341,/name/nm1442113?ref_=tt_ov_st_sm,2
tt1772341,/name/nm0528331?ref_=tt_ov_st_sm,3
tt0443272,/name/nm0000358?ref_=tt_ov_st_sm,1
tt0443272,/name/nm0000398?ref_=tt_ov_st_sm,2
tt0443272,/name/nm0000657?ref_=tt_ov_st_sm,3
tt1409024,/name/nm0000226?ref_=tt_ov_st_sm,1
tt1409024,/name/nm0000169?ref_=tt_ov_st_sm,2
tt1409024,/name/nm0000982?ref_=tt_ov_st_sm,3
tt1853728,/name/nm0004937?ref_=tt_ov_st_sm,1
tt1853728,/name/nm0910607?ref_=tt_ov_st_sm,2
tt1853728,/name/nm0000138?ref_=tt_ov_st_sm,3
tt1667889,/name/nm0005380?ref_=tt_ov_st_sm,1
tt1667889,/name/nm0001459?ref_=tt_ov_st_sm,2
tt1667889,/name/nm0000491?ref_=tt_ov_st_sm,3
tt1735898,/name/nm0829576?ref_=tt_ov_st_sm,1
tt1735898,/name/nm1165110?ref_=tt_ov_st_sm,2
tt1735898,/name/nm0000234?ref_=tt_ov_st_sm,3
tt0848228,/name/nm0000375?ref_=tt_ov_st_sm,1
tt0848228,/name/nm0262635?ref_=tt_ov_st_sm,2
tt0848228,/name/nm0424060?ref_=tt_ov_st_sm,3
tt1345836,/name/nm0000288?ref_=tt_ov_st_sm,1
tt1345836,/name/nm0362766?ref_=tt_ov_st_sm,2
tt1345836,/name/nm0004266?ref_=tt_ov_st_sm,3
tt1392170,/name/nm2225369?ref_=tt_ov_st_sm,1
tt1392170,/name/nm1242688?ref_=tt_ov_st_sm,2
tt1392170,/name/nm2955013?ref_=tt_ov_st_sm,3
tt1074638,/name/nm0185819?ref_=tt_ov_st_sm,1
tt1074638,/name/nm0000849?ref_=tt_ov_st_sm,2
tt1074638,/name/nm0365140?ref_=tt_ov_st_sm,3
tt0903624,/name/nm0293509?ref_=tt_ov_st_sm,1
tt0903624,/name/nm0005212?ref_=tt_ov_st_sm,2
tt0903624,/name/nm0035514?ref_=tt_ov_st_sm,3
tt1673434,/name/nm0829576?ref_=tt_ov_st_sm,1
tt1673434,/name/nm1500155?ref_=tt_ov_st_sm,2
tt1673434,/name/nm1210124?ref_=tt_ov_st_sm,3
tt0948470,/name/nm1940449?ref_=tt_ov_st_sm,1
tt0948470,/name/nm1297015?ref_=tt_ov_st_sm,2
tt0948470,/name/nm0406975?ref_=tt_ov_st_sm,3
tt1217209,/name/nm0531808?ref_=tt_ov_st_sm,1
tt1217209,/name/nm0175262?ref_=tt_ov_st_sm,2
tt1217209,/name/nm0000668?ref_=tt_ov_st_sm,3
tt1482459,/name/nm1374980?ref_=tt_ov_st_sm,1
tt1482459,/name/nm2357847?ref_=tt_ov_st_sm,2
tt1482459,/name/nm0000362?ref_=tt_ov_st_sm,3
tt1772341,/name/nm0000604?ref_=tt_ov_st_sm,1
tt1772341,/name/nm1442113?ref_=tt_ov_st_sm,2
tt1772341,/name/nm0528331?ref_=tt_ov_st_sm,3
tt0443272,/name/nm0000358?ref_=tt_ov_st_sm,1
tt0443272,/name/nm0000398?ref_=tt_ov_st_sm,2
tt0443272,/name/nm0000657?ref_=tt_ov_st_sm,3
tt1409024,/name/nm0000226?ref_=tt_ov_st_sm,1
tt1409024,/name/nm0000169?ref_=tt_ov_st_sm,2
tt1409024,/name/nm0000982?ref_=tt_ov_st_sm,3
tt1853728,/name/nm0004937?ref_=tt_ov_st_sm,1
tt1853728,/name/nm0910607?ref_=tt_ov_st_sm,2
tt1853728,/name/nm0000138?ref_=tt_ov_st_sm,3
tt1667889,/name/nm0005380?ref_=tt_ov_st_sm,1
tt1667889,/name/nm0001459?ref_=tt_ov_st_sm,2
tt1667889,/name/nm0000491?ref_=tt_ov_st_sm,3
tt1735898,/name/nm0829576?ref_=tt_ov_st_sm,1
tt1735898,/name/nm1165110?ref_=tt_ov_st_sm,2
tt1735898,/name/nm0000234?ref_=tt_ov_st_sm,3
tt1402488,/name/nm0000704?ref_=tt_ov_st_sm,1
tt1402488,/name/nm0000245?ref_=tt_ov_st_sm,2
tt1402488,/name/nm0600877?ref_=tt_ov_st_sm,3
tt1401152,/name/nm0000553?ref_=tt_ov_st_sm,1
tt1401152,/name/nm1208167?ref_=tt_ov_st_sm,2
tt1401152,/name/nm0005064?ref_=tt_ov_st_sm,3
tt1385826,/name/nm0000354?ref_=tt_ov_st_sm,1
tt1385826,/name/nm1289434?ref_=tt_ov_st_sm,2
tt1385826,/name/nm2564974?ref_=tt_ov_st_sm,3
tt1067583,/name/nm1500155?ref_=tt_ov_st_sm,1
tt1067583,/name/nm0000702?ref_=tt_ov_st_sm,2
tt1067583,/name/nm0910607?ref_=tt_ov_st_sm,3
tt1189340,/name/nm0000190?ref_=tt_ov_st_sm,1
tt1189340,/name/nm0000673?ref_=tt_ov_st_sm,2
tt1189340,/name/nm0000202?ref_=tt_ov_st_sm,3
tt1605783,/name/nm0005562?ref_=tt_ov_st_sm,1
tt1605783,/name/nm1046097?ref_=tt_ov_st_sm,2
tt1605783,/name/nm0000870?ref_=tt_ov_st_sm,3
tt1632708,/name/nm0005109?ref_=tt_ov_st_sm,1
tt1632708,/name/nm0005493?ref_=tt_ov_st_sm,2
tt1632708,/name/nm0165101?ref_=tt_ov_st_sm,3
tt1464540,/name/nm1641117?ref_=tt_ov_st_sm,1
tt1464540,/name/nm0648249?ref_=tt_ov_st_sm,2
tt1464540,/name/nm1872698?ref_=tt_ov_st_sm,3
tt0945513,/name/nm0350453?ref_=tt_ov_st_sm,1
tt0945513,/name/nm1157358?ref_=tt_ov_st_sm,2
tt0945513,/name/nm0267812?ref_=tt_ov_st_sm,3
tt1650043,/name/nm2325393?ref_=tt_ov_st_sm,1
tt1650043,/name/nm1256602?ref_=tt_ov_st_sm,2
tt1650043,/name/nm2953573?ref_=tt_ov_st_sm,3
tt1071875,/name/nm0000115?ref_=tt_ov_st_sm,1
tt1071875,/name/nm0001354?ref_=tt_ov_st_sm,2
tt1071875,/name/nm0252961?ref_=tt_ov_st_sm,3
tt1601913,/name/nm0000553?ref_=tt_ov_st_sm,1
tt1601913,/name/nm0000551?ref_=tt_ov_st_sm,2
tt1601913,/name/nm0342029?ref_=tt_ov_st_sm,3
tt1578275,/name/nm0000681?ref_=tt_ov_st_sm,1
tt1578275,/name/nm0416673?ref_=tt_ov_st_sm,2
tt1578275,/name/nm0000213?ref_=tt_ov_st_sm,3
tt1430607,/name/nm0564215?ref_=tt_ov_st_sm,1
tt1430607,/name/nm0000980?ref_=tt_ov_st_sm,2
tt1430607,/name/nm0631490?ref_=tt_ov_st_sm,3
tt1412386,/name/nm0001132?ref_=tt_ov_st_sm,1
tt1412386,/name/nm0631490?ref_=tt_ov_st_sm,2
tt1412386,/name/nm0001749?ref_=tt_ov_st_sm,3
tt0480687,/name/nm0005562?ref_=tt_ov_st_sm,1
tt0480687,/name/nm0837177?ref_=tt_ov_st_sm,2
tt0480687,/name/nm0000775?ref_=tt_ov_st_sm,3
tt1655442,/name/nm0241121?ref_=tt_ov_st_sm,1
tt1655442,/name/nm0067367?ref_=tt_ov_st_sm,2
tt1655442,/name/nm0000422?ref_=tt_ov_st_sm,3
tt1596346,/name/nm1455681?ref_=tt_ov_st_sm,1
tt1596346,/name/nm0000598?ref_=tt_ov_st_sm,2
tt1596346,/name/nm0000166?ref_=tt_ov_st_sm,3
tt1622979,/name/nm0194900?ref_=tt_ov_st_sm,1
tt1622979,/name/nm0068187?ref_=tt_ov_st_sm,2
tt1622979,/name/nm0260224?ref_=tt_ov_st_sm,3
tt1124035,/name/nm0316079?ref_=tt_ov_st_sm,1
tt1124035,/name/nm0000123?ref_=tt_ov_st_sm,2
tt1124035,/name/nm0000450?ref_=tt_ov_st_sm,3
tt0993842,/name/nm1519680?ref_=tt_ov_st_sm,1
tt0993842,/name/nm0000949?ref_=tt_ov_st_sm,2
tt0993842,/name/nm0051509?ref_=tt_ov_st_sm,3
tt0372532,/name/nm0000551?ref_=tt_ov_st_sm,1
tt0372532,/name/nm0005226?ref_=tt_ov_st_sm,2
tt0372532,/name/nm0202603?ref_=tt_ov_st_sm,3
tt1517489,/name/nm0004695?ref_=tt_ov_st_sm,1
tt1517489,/name/nm0005315?ref_=tt_ov_st_sm,2
tt1517489,/name/nm0570364?ref_=tt_ov_st_sm,3
tt1262416,/name/nm0000117?ref_=tt_ov_st_sm,1
tt1262416,/name/nm0001073?ref_=tt_ov_st_sm,2
tt1262416,/name/nm0000274?ref_=tt_ov_st_sm,3
tt1464174,/name/nm0001454?ref_=tt_ov_st_sm,1
tt1464174,/name/nm1040365?ref_=tt_ov_st_sm,2
tt1464174,/name/nm1140300?ref_=tt_ov_st_sm,3
tt1486185,/name/nm1086543?ref_=tt_ov_st_sm,1
tt1486185,/name/nm0001305?ref_=tt_ov_st_sm,2
tt1486185,/name/nm0000198?ref_=tt_ov_st_sm,3
tt1637688,/name/nm0005493?ref_=tt_ov_st_sm,1
tt1637688,/name/nm1086543?ref_=tt_ov_st_sm,2
tt1637688,/name/nm0614165?ref_=tt_ov_st_sm,3
tt1616195,/name/nm0000138?ref_=tt_ov_st_sm,1
tt1616195,/name/nm2309517?ref_=tt_ov_st_sm,2
tt1616195,/name/nm0915208?ref_=tt_ov_st_sm,3
tt1640484,/name/nm1745736?ref_=tt_ov_st_sm,1
tt1640484,/name/nm0022306?ref_=tt_ov_st_sm,2
tt1640484,/name/nm0000291?ref_=tt_ov_st_sm,3
tt1488555,/name/nm0000867?ref_=tt_ov_st_sm,1
tt1488555,/name/nm0005351?ref_=tt_ov_st_sm,2
tt1488555,/name/nm1312575?ref_=tt_ov_st_sm,3
tt1622547,/name/nm0251986?ref_=tt_ov_st_sm,1
tt1622547,/name/nm1144419?ref_=tt_ov_st_sm,2
tt1622547,/name/nm0841910?ref_=tt_ov_st_sm,3
tt1583420,/name/nm0000158?ref_=tt_ov_st_sm,1
tt1583420,/name/nm0000210?ref_=tt_ov_st_sm,2
tt1583420,/name/nm2089529?ref_=tt_ov_st_sm,3
tt0780504,/name/nm0331516?ref_=tt_ov_st_sm,1
tt0780504,/name/nm1659547?ref_=tt_ov_st_sm,2
tt0780504,/name/nm0186505?ref_=tt_ov_st_sm,3
tt1306980,/name/nm0330687?ref_=tt_ov_st_sm,1
tt1306980,/name/nm0736622?ref_=tt_ov_st_sm,2
tt1306980,/name/nm0447695?ref_=tt_ov_st_sm,3
tt1630036,/name/nm1731937?ref_=tt_ov_st_sm,1
tt1630036,/name/nm2848533?ref_=tt_ov_st_sm,2
tt1630036,/name/nm0235948?ref_=tt_ov_st_sm,3
tt0477302,/name/nm4223385?ref_=tt_ov_st_sm,1
tt0477302,/name/nm0000158?ref_=tt_ov_st_sm,2
tt0477302,/name/nm0000113?ref_=tt_ov_st_sm,3
tt1366344,/name/nm1706767?ref_=tt_ov_st_sm,1
tt1366344,/name/nm0310966?ref_=tt_ov_st_sm,2
tt1366344,/name/nm0005377?ref_=tt_ov_st_sm,3
tt1201607,/name/nm0705356?ref_=tt_ov_st_sm,1
tt1201607,/name/nm0914612?ref_=tt_ov_st_sm,2
tt1201607,/name/nm0342488?ref_=tt_ov_st_sm,3
tt1399103,/name/nm0479471?ref_=tt_ov_st_sm,1
tt1399103,/name/nm2492819?ref_=tt_ov_st_sm,2
tt1399103,/name/nm0879085?ref_=tt_ov_st_sm,3
tt1324999,/name/nm0829576?ref_=tt_ov_st_sm,1
tt1324999,/name/nm1500155?ref_=tt_ov_st_sm,2
tt1324999,/name/nm1210124?ref_=tt_ov_st_sm,3
tt1411697,/name/nm0177896?ref_=tt_ov_st_sm,1
tt1411697,/name/nm0302108?ref_=tt_ov_st_sm,2
tt1411697,/name/nm1159180?ref_=tt_ov_st_sm,3
tt1298650,/name/nm0000136?ref_=tt_ov_st_sm,1
tt1298650,/name/nm0004851?ref_=tt_ov_st_sm,2
tt1298650,/name/nm0574534?ref_=tt_ov_st_sm,3
tt1596343,/name/nm0004874?ref_=tt_ov_st_sm,1
tt1596343,/name/nm0908094?ref_=tt_ov_st_sm,2
tt1596343,/name/nm0425005?ref_=tt_ov_st_sm,3
tt1229238,/name/nm0000129?ref_=tt_ov_st_sm,1
tt1229238,/name/nm0719637?ref_=tt_ov_st_sm,2
tt1229238,/name/nm0670408?ref_=tt_ov_st_sm,3
tt1216475,/name/nm0005562?ref_=tt_ov_st_sm,1
tt1216475,/name/nm1249256?ref_=tt_ov_st_sm,2
tt1216475,/name/nm0000323?ref_=tt_ov_st_sm,3
tt1515091,/name/nm0000375?ref_=tt_ov_st_sm,1
tt1515091,/name/nm0000179?ref_=tt_ov_st_sm,2
tt1515091,/name/nm0364813?ref_=tt_ov_st_sm,3
tt0800369,/name/nm1165110?ref_=tt_ov_st_sm,1
tt0800369,/name/nm0000164?ref_=tt_ov_st_sm,2
tt0800369,/name/nm0000204?ref_=tt_ov_st_sm,3
tt1318514,/name/nm0290556?ref_=tt_ov_st_sm,1
tt1318514,/name/nm0785227?ref_=tt_ov_st_sm,2
tt1318514,/name/nm2951768?ref_=tt_ov_st_sm,3
tt0458339,/name/nm0262635?ref_=tt_ov_st_sm,1
tt0458339,/name/nm0915989?ref_=tt_ov_st_sm,2
tt0458339,/name/nm0000168?ref_=tt_ov_st_sm,3
tt1454029,/name/nm1297015?ref_=tt_ov_st_sm,1
tt1454029,/name/nm0205626?ref_=tt_ov_st_sm,2
tt1454029,/name/nm0818055?ref_=tt_ov_st_sm,3
tt1478338,/name/nm1325419?ref_=tt_ov_st_sm,1
tt1478338,/name/nm0748973?ref_=tt_ov_st_sm,2
tt1478338,/name/nm0126284?ref_=tt_ov_st_sm,3
tt1302011,/name/nm0085312?ref_=tt_ov_st_sm,1
tt1302011,/name/nm0001401?ref_=tt_ov_st_sm,2
tt1302011,/name/nm0000329?ref_=tt_ov_st_sm,3
tt0472181,/name/nm0000279?ref_=tt_ov_st_sm,1
tt0472181,/name/nm2953537?ref_=tt_ov_st_sm,2
tt0472181,/name/nm0005565?ref_=tt_ov_st_sm,3
tt1615918,/name/nm0519043?ref_=tt_ov_st_sm,1
tt1615918,/name/nm1131557?ref_=tt_ov_st_sm,2
tt1615918,/name/nm0565366?ref_=tt_ov_st_sm,3
tt1650062,/name/nm1102577?ref_=tt_ov_st_sm,1
tt1650062,/name/nm1404488?ref_=tt_ov_st_sm,2
tt1650062,/name/nm0151419?ref_=tt_ov_st_sm,3
tt1192628,/name/nm0000136?ref_=tt_ov_st_sm,1
tt1192628,/name/nm0279545?ref_=tt_ov_st_sm,2
tt1192628,/name/nm0648249?ref_=tt_ov_st_sm,3
tt1499658,/name/nm0000867?ref_=tt_ov_st_sm,1
tt1499658,/name/nm0206359?ref_=tt_ov_st_sm,2
tt1499658,/name/nm0837177?ref_=tt_ov_st_sm,3
tt1133985,/name/nm0005351?ref_=tt_ov_st_sm,1
tt1133985,/name/nm0515116?ref_=tt_ov_st_sm,2
tt1133985,/name/nm0765597?ref_=tt_ov_st_sm,3
tt1411704,/name/nm1258970?ref_=tt_ov_st_sm,1
tt1411704,/name/nm0005188?ref_=tt_ov_st_sm,2
tt1411704,/name/nm0001610?ref_=tt_ov_st_sm,3
tt1778304,/name/nm3785503?ref_=tt_ov_st_sm,1
tt1778304,/name/nm1053580?ref_=tt_ov_st_sm,2
tt1778304,/name/nm2166469?ref_=tt_ov_st_sm,3
tt1568346,/name/nm0185819?ref_=tt_ov_st_sm,1
tt1568346,/name/nm1913734?ref_=tt_ov_st_sm,2
tt1568346,/name/nm0001626?ref_=tt_ov_st_sm,3
tt1284575,/name/nm0000139?ref_=tt_ov_st_sm,1
tt1284575,/name/nm0781981?ref_=tt_ov_st_sm,2
tt1284575,/name/nm0005493?ref_=tt_ov_st_sm,3
tt0990407,/name/nm0736622?ref_=tt_ov_st_sm,1
tt0990407,/name/nm1727100?ref_=tt_ov_st_sm,2
tt0990407,/name/nm0910607?ref_=tt_ov_st_sm,3
tt0433035,/name/nm0413168?ref_=tt_ov_st_sm,1
tt0433035,/name/nm1431940?ref_=tt_ov_st_sm,2
tt0433035,/name/nm2023672?ref_=tt_ov_st_sm,3
tt1570728,/name/nm0136797?ref_=tt_ov_st_sm,1
tt1570728,/name/nm0331516?ref_=tt_ov_st_sm,2
tt1570728,/name/nm0000194?ref_=tt_ov_st_sm,3
tt1217613,/name/nm0001173?ref_=tt_ov_st_sm,1
tt1217613,/name/nm0735442?ref_=tt_ov_st_sm,2
tt1217613,/name/nm0005256?ref_=tt_ov_st_sm,3
tt1253864,/name/nm0147147?ref_=tt_ov_st_sm,1
tt1253864,/name/nm0000620?ref_=tt_ov_st_sm,2
tt1253864,/name/nm0000457?ref_=tt_ov_st_sm,3
tt1033575,/name/nm0000123?ref_=tt_ov_st_sm,1
tt1033575,/name/nm0940362?ref_=tt_ov_st_sm,2
tt1033575,/name/nm3837786?ref_=tt_ov_st_sm,3
tt1222817,/name/nm0416673?ref_=tt_ov_st_sm,1
tt1222817,/name/nm0206257?ref_=tt_ov_st_sm,2
tt1222817,/name/nm0004753?ref_=tt_ov_st_sm,3
tt1568911,/name/nm3528539?ref_=tt_ov_st_sm,1
tt1568911,/name/nm0001833?ref_=tt_ov_st_sm,2
tt1568911,/name/nm0000667?ref_=tt_ov_st_sm,3
tt0471042,/name/nm0000552?ref_=tt_ov_st_sm,1
tt0471042,/name/nm0001774?ref_=tt_ov_st_sm,2
tt0471042,/name/nm0000729?ref_=tt_ov_st_sm,3
tt1598778,/name/nm0000354?ref_=tt_ov_st_sm,1
tt1598778,/name/nm0000701?ref_=tt_ov_st_sm,2
tt1598778,/name/nm0000179?ref_=tt_ov_st_sm,3
tt1389137,/name/nm0000354?ref_=tt_ov_st_sm,1
tt1389137,/name/nm0424060?ref_=tt_ov_st_sm,2
tt1389137,/name/nm0002006?ref_=tt_ov_st_sm,3
tt1210166,/name/nm0000093?ref_=tt_ov_st_sm,1
tt1210166,/name/nm0000705?ref_=tt_ov_st_sm,2
tt1210166,/name/nm1706767?ref_=tt_ov_st_sm,3
tt0810913,/name/nm0001191?ref_=tt_ov_st_sm,1
tt0810913,/name/nm0005017?ref_=tt_ov_st_sm,2
tt0810913,/name/nm0000199?ref_=tt_ov_st_sm,3
tt0970179,/name/nm2633535?ref_=tt_ov_st_sm,1
tt0970179,/name/nm1631269?ref_=tt_ov_st_sm,2
tt0970179,/name/nm0000489?ref_=tt_ov_st_sm,3
tt1564349,/name/nm0000151?ref_=tt_ov_st_sm,1
tt1564349,/name/nm0000171?ref_=tt_ov_st_sm,2
tt1564349,/name/nm0001065?ref_=tt_ov_st_sm,3
tt1411238,/name/nm0000204?ref_=tt_ov_st_sm,1
tt1411238,/name/nm0005110?ref_=tt_ov_st_sm,2
tt1411238,/name/nm0000177?ref_=tt_ov_st_sm,3
tt0435761,/name/nm0000158?ref_=tt_ov_st_sm,1
tt0435761,/name/nm0000741?ref_=tt_ov_st_sm,2
tt0435761,/name/nm0000349?ref_=tt_ov_st_sm,3
tt1228705,/name/nm0000375?ref_=tt_ov_st_sm,1
tt1228705,/name/nm0000620?ref_=tt_ov_st_sm,2
tt1228705,/name/nm0000569?ref_=tt_ov_st_sm,3
tt1325004,/name/nm0829576?ref_=tt_ov_st_sm,1
tt1325004,/name/nm1500155?ref_=tt_ov_st_sm,2
tt1325004,/name/nm1210124?ref_=tt_ov_st_sm,3
tt0926084,/name/nm0705356?ref_=tt_ov_st_sm,1
tt0926084,/name/nm0914612?ref_=tt_ov_st_sm,2
tt0926084,/name/nm0342488?ref_=tt_ov_st_sm,3
tt1375666,/name/nm0000138?ref_=tt_ov_st_sm,1
tt1375666,/name/nm0330687?ref_=tt_ov_st_sm,2
tt1375666,/name/nm0680983?ref_=tt_ov_st_sm,3
tt1323594,/name/nm0136797?ref_=tt_ov_st_sm,1
tt1323594,/name/nm0781981?ref_=tt_ov_st_sm,2
tt1323594,/name/nm1258970?ref_=tt_ov_st_sm,3
tt0892791,/name/nm0000196?ref_=tt_ov_st_sm,1
tt0892791,/name/nm0000139?ref_=tt_ov_st_sm,2
tt0892791,/name/nm0000552?ref_=tt_ov_st_sm,3
tt0892769,/name/nm0059431?ref_=tt_ov_st_sm,1
tt0892769,/name/nm0124930?ref_=tt_ov_st_sm,2
tt0892769,/name/nm2395586?ref_=tt_ov_st_sm,3
tt0398286,/name/nm0601553?ref_=tt_ov_st_sm,1
tt0398286,/name/nm1157048?ref_=tt_ov_st_sm,2
tt0398286,/name/nm0614220?ref_=tt_ov_st_sm,3
tt1104001,/name/nm0000313?ref_=tt_ov_st_sm,1
tt1104001,/name/nm1330560?ref_=tt_ov_st_sm,2
tt1104001,/name/nm1312575?ref_=tt_ov_st_sm,3
tt1403865,/name/nm0000313?ref_=tt_ov_st_sm,1
tt1403865,/name/nm0000354?ref_=tt_ov_st_sm,2
tt1403865,/name/nm2794962?ref_=tt_ov_st_sm,3
tt0800320,/name/nm0941777?ref_=tt_ov_st_sm,1
tt0800320,/name/nm0000553?ref_=tt_ov_st_sm,2
tt0800320,/name/nm0000146?ref_=tt_ov_st_sm,3
tt1375670,/name/nm0001191?ref_=tt_ov_st_sm,1
tt1375670,/name/nm0000161?ref_=tt_ov_st_sm,2
tt1375670,/name/nm0416673?ref_=tt_ov_st_sm,3
tt1001526,/name/nm0002071?ref_=tt_ov_st_sm,1
tt1001526,/name/nm1706767?ref_=tt_ov_st_sm,2
tt1001526,/name/nm0000093?ref_=tt_ov_st_sm,3
tt0970866,/name/nm0001774?ref_=tt_ov_st_sm,1
tt0970866,/name/nm0001632?ref_=tt_ov_st_sm,2
tt0970866,/name/nm0000134?ref_=tt_ov_st_sm,3
tt0938283,/name/nm3226241?ref_=tt_ov_st_sm,1
tt0938283,/name/nm2443758?ref_=tt_ov_st_sm,2
tt0938283,/name/nm1717152?ref_=tt_ov_st_sm,3
tt1130884,/name/nm0000138?ref_=tt_ov_st_sm,1
tt1130884,/name/nm0607865?ref_=tt_ov_st_sm,2
tt1130884,/name/nm0749263?ref_=tt_ov_st_sm,3
tt1386588,/name/nm0002071?ref_=tt_ov_st_sm,1
tt1386588,/name/nm0000242?ref_=tt_ov_st_sm,2
tt1386588,/name/nm1157013?ref_=tt_ov_st_sm,3
tt0944835,/name/nm0001401?ref_=tt_ov_st_sm,1
tt0944835,/name/nm0000630?ref_=tt_ov_st_sm,2
tt0944835,/name/nm0252230?ref_=tt_ov_st_sm,3
tt0947798,/name/nm0000204?ref_=tt_ov_st_sm,1
tt0947798,/name/nm0005109?ref_=tt_ov_st_sm,2
tt0947798,/name/nm0001993?ref_=tt_ov_st_sm,3
tt0980970,/name/nm1602660?ref_=tt_ov_st_sm,1
tt0980970,/name/nm1342727?ref_=tt_ov_st_sm,2
tt0980970,/name/nm1670137?ref_=tt_ov_st_sm,3
tt1320253,/name/nm0000230?ref_=tt_ov_st_sm,1
tt1320253,/name/nm0005458?ref_=tt_ov_st_sm,2
tt1320253,/name/nm0001472?ref_=tt_ov_st_sm,3
tt1231583,/name/nm0000375?ref_=tt_ov_st_sm,1
tt1231583,/name/nm0302108?ref_=tt_ov_st_sm,2
tt1231583,/name/nm1157358?ref_=tt_ov_st_sm,3
tt1302067,/name/nm0000101?ref_=tt_ov_st_sm,1
tt1302067,/name/nm0005493?ref_=tt_ov_st_sm,2
tt1302067,/name/nm0267506?ref_=tt_ov_st_sm,3
tt1279935,/name/nm0136797?ref_=tt_ov_st_sm,1
tt1279935,/name/nm0275486?ref_=tt_ov_st_sm,2
tt1279935,/name/nm0000242?ref_=tt_ov_st_sm,3
tt1285016,/name/nm0251986?ref_=tt_ov_st_sm,1
tt1285016,/name/nm1940449?ref_=tt_ov_st_sm,2
tt1285016,/name/nm0005493?ref_=tt_ov_st_sm,3
tt1261945,/name/nm0000572?ref_=tt_ov_st_sm,1
tt1261945,/name/nm0000326?ref_=tt_ov_st_sm,2
tt1261945,/name/nm0004862?ref_=tt_ov_st_sm,3
tt1037705,/name/nm0000243?ref_=tt_ov_st_sm,1
tt1037705,/name/nm0005109?ref_=tt_ov_st_sm,2
tt1037705,/name/nm0829032?ref_=tt_ov_st_sm,3
tt0964517,/name/nm0000242?ref_=tt_ov_st_sm,1
tt0964517,/name/nm0000288?ref_=tt_ov_st_sm,2
tt0964517,/name/nm0010736?ref_=tt_ov_st_sm,3
tt0840361,/name/nm0000255?ref_=tt_ov_st_sm,1
tt0840361,/name/nm0356017?ref_=tt_ov_st_sm,2
tt0840361,/name/nm0358316?ref_=tt_ov_st_sm,3
tt0473075,/name/nm0350453?ref_=tt_ov_st_sm,1
tt0473075,/name/nm2605345?ref_=tt_ov_st_sm,2
tt0473075,/name/nm0001426?ref_=tt_ov_st_sm,3
tt1245526,/name/nm0000246?ref_=tt_ov_st_sm,1
tt1245526,/name/nm0000545?ref_=tt_ov_st_sm,2
tt1245526,/name/nm0000151?ref_=tt_ov_st_sm,3
tt1536044,/name/nm2209370?ref_=tt_ov_st_sm,1
tt1536044,/name/nm2913790?ref_=tt_ov_st_sm,2
tt1536044,/name/nm1454378?ref_=tt_ov_st_sm,3
tt0477080,/name/nm0000243?ref_=tt_ov_st_sm,1
tt0477080,/name/nm1517976?ref_=tt_ov_st_sm,2
tt0477080,/name/nm0206257?ref_=tt_ov_st_sm,3
tt0879870,/name/nm0000210?ref_=tt_ov_st_sm,1
tt0879870,/name/nm0000849?ref_=tt_ov_st_sm,2
tt0879870,/name/nm0420955?ref_=tt_ov_st_sm,3
tt1013743,/name/nm0000129?ref_=tt_ov_st_sm,1
tt1013743,/name/nm0000139?ref_=tt_ov_st_sm,2
tt1013743,/name/nm0765597?ref_=tt_ov_st_sm,3
tt0427152,/name/nm0136797?ref_=tt_ov_st_sm,1
tt0427152,/name/nm0748620?ref_=tt_ov_st_sm,2
tt0427152,/name/nm1210895?ref_=tt_ov_st_sm,3
tt1243957,/name/nm0000136?ref_=tt_ov_st_sm,1
tt1243957,/name/nm0001401?ref_=tt_ov_st_sm,2
tt1243957,/name/nm0079273?ref_=tt_ov_st_sm,3
tt1038919,/name/nm0000098?ref_=tt_ov_st_sm,1
tt1038919,/name/nm0124930?ref_=tt_ov_st_sm,2
tt1038919,/name/nm1631320?ref_=tt_ov_st_sm,3
tt1196141,/name/nm2325393?ref_=tt_ov_st_sm,1
tt1196141,/name/nm2953573?ref_=tt_ov_st_sm,2
tt1196141,/name/nm0006713?ref_=tt_ov_st_sm,3
tt0087800,/name/nm0000486?ref_=tt_ov_st_sm,1
tt0087800,/name/nm0000136?ref_=tt_ov_st_sm,2
tt0087800,/name/nm0000387?ref_=tt_ov_st_sm,3
tt1294226,/name/nm1415323?ref_=tt_ov_st_sm,1
tt1294226,/name/nm2955013?ref_=tt_ov_st_sm,2
tt1294226,/name/nm0001427?ref_=tt_ov_st_sm,3
tt0780653,/name/nm0001125?ref_=tt_ov_st_sm,1
tt0780653,/name/nm0000164?ref_=tt_ov_st_sm,2
tt0780653,/name/nm1289434?ref_=tt_ov_st_sm,3
tt1226229,/name/nm1706767?ref_=tt_ov_st_sm,1
tt1226229,/name/nm1258970?ref_=tt_ov_st_sm,2
tt1226229,/name/nm0005253?ref_=tt_ov_st_sm,3
tt0432021,/name/nm0000170?ref_=tt_ov_st_sm,1
tt0432021,/name/nm0005123?ref_=tt_ov_st_sm,2
tt0432021,/name/nm0004912?ref_=tt_ov_st_sm,3
tt0808510,/name/nm0425005?ref_=tt_ov_st_sm,1
tt0808510,/name/nm0000171?ref_=tt_ov_st_sm,2
tt0808510,/name/nm0000267?ref_=tt_ov_st_sm,3
tt1028576,/name/nm0000178?ref_=tt_ov_st_sm,1
tt1028576,/name/nm0000518?ref_=tt_ov_st_sm,2
tt1028576,/name/nm0553269?ref_=tt_ov_st_sm,3
tt1282140,/name/nm1297015?ref_=tt_ov_st_sm,1
tt1282140,/name/nm0004789?ref_=tt_ov_st_sm,2
tt1282140,/name/nm0046112?ref_=tt_ov_st_sm,3
tt1591095,/name/nm0933940?ref_=tt_ov_st_sm,1
tt1591095,/name/nm0126284?ref_=tt_ov_st_sm,2
tt1591095,/name/nm1339223?ref_=tt_ov_st_sm,3
tt0892318,/name/nm1086543?ref_=tt_ov_st_sm,1
tt0892318,/name/nm0305558?ref_=tt_ov_st_sm,2
tt0892318,/name/nm0000603?ref_=tt_ov_st_sm,3
tt1027718,/name/nm0479471?ref_=tt_ov_st_sm,1
tt1027718,/name/nm0000140?ref_=tt_ov_st_sm,2
tt1027718,/name/nm1659547?ref_=tt_ov_st_sm,3
tt1231587,/name/nm0000131?ref_=tt_ov_st_sm,1
tt1231587,/name/nm1117791?ref_=tt_ov_st_sm,2
tt1231587,/name/nm0732497?ref_=tt_ov_st_sm,3
tt1250777,/name/nm1093951?ref_=tt_ov_st_sm,1
tt1250777,/name/nm0000115?ref_=tt_ov_st_sm,2
tt1250777,/name/nm1631269?ref_=tt_ov_st_sm,3
tt1103153,/name/nm0001337?ref_=tt_ov_st_sm,1
tt1103153,/name/nm0005110?ref_=tt_ov_st_sm,2
tt1103153,/name/nm0000633?ref_=tt_ov_st_sm,3
tt1477076,/name/nm0068551?ref_=tt_ov_st_sm,1
tt1477076,/name/nm0541908?ref_=tt_ov_st_sm,2
tt1477076,/name/nm0751018?ref_=tt_ov_st_sm,3
tt1385867,/name/nm0000246?ref_=tt_ov_st_sm,1
tt1385867,/name/nm0605079?ref_=tt_ov_st_sm,2
tt1385867,/name/nm0380022?ref_=tt_ov_st_sm,3
tt1226273,/name/nm0000154?ref_=tt_ov_st_sm,1
tt1226273,/name/nm0935653?ref_=tt_ov_st_sm,2
tt1226273,/name/nm0396812?ref_=tt_ov_st_sm,3
tt0795368,/name/nm0532193?ref_=tt_ov_st_sm,1
tt0795368,/name/nm0227759?ref_=tt_ov_st_sm,2
tt0795368,/name/nm0001971?ref_=tt_ov_st_sm,3
tt1193631,/name/nm1801800?ref_=tt_ov_st_sm,1
tt1193631,/name/nm2463696?ref_=tt_ov_st_sm,2
tt1193631,/name/nm1782560?ref_=tt_ov_st_sm,3
tt1320244,/name/nm0264579?ref_=tt_ov_st_sm,1
tt1320244,/name/nm0068042?ref_=tt_ov_st_sm,2
tt1320244,/name/nm0052754?ref_=tt_ov_st_sm,3
tt0455407,/name/nm0593664?ref_=tt_ov_st_sm,1
tt0455407,/name/nm0648249?ref_=tt_ov_st_sm,2
tt0455407,/name/nm1263939?ref_=tt_ov_st_sm,3
tt1405500,/name/nm0001390?ref_=tt_ov_st_sm,1
tt1405500,/name/nm0741242?ref_=tt_ov_st_sm,2
tt1405500,/name/nm0000155?ref_=tt_ov_st_sm,3
tt1212436,/name/nm0000182?ref_=tt_ov_st_sm,1
tt1212436,/name/nm1533927?ref_=tt_ov_st_sm,2
tt1212436,/name/nm1143861?ref_=tt_ov_st_sm,3
tt1666186,/name/nm3834164?ref_=tt_ov_st_sm,1
tt1666186,/name/nm1782667?ref_=tt_ov_st_sm,2
tt1666186,/name/nm0046033?ref_=tt_ov_st_sm,3
tt1440728,/name/nm0000123?ref_=tt_ov_st_sm,1
tt1440728,/name/nm0093678?ref_=tt_ov_st_sm,2
tt1440728,/name/nm0686376?ref_=tt_ov_st_sm,3
tt0947810,/name/nm0000354?ref_=tt_ov_st_sm,1
tt0947810,/name/nm0005042?ref_=tt_ov_st_sm,2
tt0947810,/name/nm0001427?ref_=tt_ov_st_sm,3
tt1392197,/name/nm0005562?ref_=tt_ov_st_sm,1
tt1392197,/name/nm0339460?ref_=tt_ov_st_sm,2
tt1392197,/name/nm1195855?ref_=tt_ov_st_sm,3
tt1185416,/name/nm0068338?ref_=tt_ov_st_sm,1
tt1185416,/name/nm0241049?ref_=tt_ov_st_sm,2
tt1185416,/name/nm0001378?ref_=tt_ov_st_sm,3
tt0446029,/name/nm0148418?ref_=tt_ov_st_sm,1
tt0446029,/name/nm0935541?ref_=tt_ov_st_sm,2
tt0446029,/name/nm0001085?ref_=tt_ov_st_sm,3
tt1226753,/name/nm0000545?ref_=tt_ov_st_sm,1
tt1226753,/name/nm0941777?ref_=tt_ov_st_sm,2
tt1226753,/name/nm0929489?ref_=tt_ov_st_sm,3
tt1126618,/name/nm1046097?ref_=tt_ov_st_sm,1
tt1126618,/name/nm0000148?ref_=tt_ov_st_sm,2
tt1126618,/name/nm0000473?ref_=tt_ov_st_sm,3
tt1341188,/name/nm0000702?ref_=tt_ov_st_sm,1
tt1341188,/name/nm0748620?ref_=tt_ov_st_sm,2
tt1341188,/name/nm0005562?ref_=tt_ov_st_sm,3
tt1415283,/name/nm0000668?ref_=tt_ov_st_sm,1
tt1415283,/name/nm0350454?ref_=tt_ov_st_sm,2
tt1415283,/name/nm0000146?ref_=tt_ov_st_sm,3
tt0985694,/name/nm0001803?ref_=tt_ov_st_sm,1
tt0985694,/name/nm0735442?ref_=tt_ov_st_sm,2
tt0985694,/name/nm0000134?ref_=tt_ov_st_sm,3
tt1216492,/name/nm0010736?ref_=tt_ov_st_sm,1
tt1216492,/name/nm0328828?ref_=tt_ov_st_sm,2
tt1216492,/name/nm0004395?ref_=tt_ov_st_sm,3
tt0499549,/name/nm0941777?ref_=tt_ov_st_sm,1
tt0499549,/name/nm0757855?ref_=tt_ov_st_sm,2
tt0499549,/name/nm0000244?ref_=tt_ov_st_sm,3
tt0417741,/name/nm0705356?ref_=tt_ov_st_sm,1
tt0417741,/name/nm0914612?ref_=tt_ov_st_sm,2
tt0417741,/name/nm0342488?ref_=tt_ov_st_sm,3
tt1259571,/name/nm0829576?ref_=tt_ov_st_sm,1
tt1259571,/name/nm1500155?ref_=tt_ov_st_sm,2
tt1259571,/name/nm1210124?ref_=tt_ov_st_sm,3
tt1049413,/name/nm0000799?ref_=tt_ov_st_sm,1
tt1049413,/name/nm2973712?ref_=tt_ov_st_sm,2
tt1049413,/name/nm0001652?ref_=tt_ov_st_sm,3
tt1119646,/name/nm0302108?ref_=tt_ov_st_sm,1
tt1119646,/name/nm0177896?ref_=tt_ov_st_sm,2
tt1119646,/name/nm0058581?ref_=tt_ov_st_sm,3
tt0878804,/name/nm2466842?ref_=tt_ov_st_sm,1
tt0878804,/name/nm0000113?ref_=tt_ov_st_sm,2
tt0878804,/name/nm0005210?ref_=tt_ov_st_sm,3
tt1231580,/name/nm0005134?ref_=tt_ov_st_sm,1
tt1231580,/name/nm1157048?ref_=tt_ov_st_sm,2
tt1231580,/name/nm0189144?ref_=tt_ov_st_sm,3
tt0892782,/name/nm0000702?ref_=tt_ov_st_sm,1
tt0892782,/name/nm0933988?ref_=tt_ov_st_sm,2
tt0892782,/name/nm0170306?ref_=tt_ov_st_sm,3
tt1080016,/name/nm0005380?ref_=tt_ov_st_sm,1
tt1080016,/name/nm0000491?ref_=tt_ov_st_sm,2
tt1080016,/name/nm0001459?ref_=tt_ov_st_sm,3
tt0458525,/name/nm0413168?ref_=tt_ov_st_sm,1
tt0458525,/name/nm0000630?ref_=tt_ov_st_sm,2
tt0458525,/name/nm0005351?ref_=tt_ov_st_sm,3
tt1078912,/name/nm0001774?ref_=tt_ov_st_sm,1
tt1078912,/name/nm0005562?ref_=tt_ov_st_sm,2
tt1078912,/name/nm0010736?ref_=tt_ov_st_sm,3
tt1190080,/name/nm0000131?ref_=tt_ov_st_sm,1
tt1190080,/name/nm0628601?ref_=tt_ov_st_sm,2
tt1190080,/name/nm0252230?ref_=tt_ov_st_sm,3
tt1041829,/name/nm0000113?ref_=tt_ov_st_sm,1
tt1041829,/name/nm0005351?ref_=tt_ov_st_sm,2
tt1041829,/name/nm0005460?ref_=tt_ov_st_sm,3
tt1046173,/name/nm0000598?ref_=tt_ov_st_sm,1
tt1046173,/name/nm1475594?ref_=tt_ov_st_sm,2
tt1046173,/name/nm0005541?ref_=tt_ov_st_sm,3
tt1067106,/name/nm0000120?ref_=tt_ov_st_sm,1
tt1067106,/name/nm0000198?ref_=tt_ov_st_sm,2
tt1067106,/name/nm0000147?ref_=tt_ov_st_sm,3
tt0109127,/name/nm0000418?ref_=tt_ov_st_sm,1
tt0109127,/name/nm0002084?ref_=tt_ov_st_sm,2
tt0109127,/name/nm0001103?ref_=tt_ov_st_sm,3
tt0438488,/name/nm0000288?ref_=tt_ov_st_sm,1
tt0438488,/name/nm0941777?ref_=tt_ov_st_sm,2
tt0438488,/name/nm0947338?ref_=tt_ov_st_sm,3
tt0844471,/name/nm0267506?ref_=tt_ov_st_sm,1
tt0844471,/name/nm0352778?ref_=tt_ov_st_sm,2
tt0844471,/name/nm0132257?ref_=tt_ov_st_sm,3
tt0361748,/name/nm0000093?ref_=tt_ov_st_sm,1
tt0361748,/name/nm1208167?ref_=tt_ov_st_sm,2
tt0361748,/name/nm0744834?ref_=tt_ov_st_sm,3
tt0436339,/name/nm0004715?ref_=tt_ov_st_sm,1
tt0436339,/name/nm0004851?ref_=tt_ov_st_sm,2
tt0436339,/name/nm0302108?ref_=tt_ov_st_sm,3
tt1136608,/name/nm1663205?ref_=tt_ov_st_sm,1
tt1136608,/name/nm3107870?ref_=tt_ov_st_sm,2
tt1136608,/name/nm2271261?ref_=tt_ov_st_sm,3
tt1078940,/name/nm0000681?ref_=tt_ov_st_sm,1
tt1078940,/name/nm0015196?ref_=tt_ov_st_sm,2
tt1078940,/name/nm0269463?ref_=tt_ov_st_sm,3
tt0409459,/name/nm0355097?ref_=tt_ov_st_sm,1
tt0409459,/name/nm0933940?ref_=tt_ov_st_sm,2
tt0409459,/name/nm0001303?ref_=tt_ov_st_sm,3
tt1152836,/name/nm0000288?ref_=tt_ov_st_sm,1
tt1152836,/name/nm0000136?ref_=tt_ov_st_sm,2
tt1152836,/name/nm0831601?ref_=tt_ov_st_sm,3
tt1142800,/name/nm1347153?ref_=tt_ov_st_sm,1
tt1142800,/name/nm0700443?ref_=tt_ov_st_sm,2
tt1142800,/name/nm1035682?ref_=tt_ov_st_sm,3
tt1142988,/name/nm0001337?ref_=tt_ov_st_sm,1
tt1142988,/name/nm0124930?ref_=tt_ov_st_sm,2
tt1142988,/name/nm0877430?ref_=tt_ov_st_sm,3
tt1193138,/name/nm0000123?ref_=tt_ov_st_sm,1
tt1193138,/name/nm0267812?ref_=tt_ov_st_sm,2
tt1193138,/name/nm0447695?ref_=tt_ov_st_sm,3
tt0448011,/name/nm0000115?ref_=tt_ov_st_sm,1
tt0448011,/name/nm2425105?ref_=tt_ov_st_sm,2
tt0448011,/name/nm0126284?ref_=tt_ov_st_sm,3
tt0386117,/name/nm2504006?ref_=tt_ov_st_sm,1
tt0386117,/name/nm0001573?ref_=tt_ov_st_sm,2
tt0386117,/name/nm0001845?ref_=tt_ov_st_sm,3
tt1156398,/name/nm0251986?ref_=tt_ov_st_sm,1
tt1156398,/name/nm1297015?ref_=tt_ov_st_sm,2
tt1156398,/name/nm0000437?ref_=tt_ov_st_sm,3
tt0327597,/name/nm0266824?ref_=tt_ov_st_sm,1
tt0327597,/name/nm0000159?ref_=tt_ov_st_sm,2
tt0327597,/name/nm1894655?ref_=tt_ov_st_sm,3
tt1197624,/name/nm0124930?ref_=tt_ov_st_sm,1
tt1197624,/name/nm0004937?ref_=tt_ov_st_sm,2
tt1197624,/name/nm0004753?ref_=tt_ov_st_sm,3
tt0785006,/name/nm0731075?ref_=tt_ov_st_sm,1
tt0785006,/name/nm1545471?ref_=tt_ov_st_sm,2
tt0785006,/name/nm0001435?ref_=tt_ov_st_sm,3
tt1155056,/name/nm0748620?ref_=tt_ov_st_sm,1
tt1155056,/name/nm0781981?ref_=tt_ov_st_sm,2
tt1155056,/name/nm0429069?ref_=tt_ov_st_sm,3
tt0324554,/name/nm0001326?ref_=tt_ov_st_sm,1
tt0324554,/name/nm1208167?ref_=tt_ov_st_sm,2
tt0324554,/name/nm0000498?ref_=tt_ov_st_sm,3
tt1144884,/name/nm1214657?ref_=tt_ov_st_sm,1
tt1144884,/name/nm0020739?ref_=tt_ov_st_sm,2
tt1144884,/name/nm0278767?ref_=tt_ov_st_sm,3
tt1111422,/name/nm0000243?ref_=tt_ov_st_sm,1
tt1111422,/name/nm0000237?ref_=tt_ov_st_sm,2
tt1111422,/name/nm0350079?ref_=tt_ov_st_sm,3
tt0758746,/name/nm0655585?ref_=tt_ov_st_sm,1
tt0758746,/name/nm1119462?ref_=tt_ov_st_sm,2
tt0758746,/name/nm0575216?ref_=tt_ov_st_sm,3
tt0974661,/name/nm1374980?ref_=tt_ov_st_sm,1
tt0974661,/name/nm0001612?ref_=tt_ov_st_sm,2
tt0974661,/name/nm0005182?ref_=tt_ov_st_sm,3
tt0468569,/name/nm0000288?ref_=tt_ov_st_sm,1
tt0468569,/name/nm0005132?ref_=tt_ov_st_sm,2
tt0468569,/name/nm0001173?ref_=tt_ov_st_sm,3
tt0371746,/name/nm0000375?ref_=tt_ov_st_sm,1
tt0371746,/name/nm0000569?ref_=tt_ov_st_sm,2
